"","X.1","X","DIST","SCHL","Gr07_Stu","Gr7PctIn","Gr7PctNotIn","Year","schoolname","nstores","localdistrict","ffprox"
"1",1,1,64733,100297,50," 52.0"," 48.0",2006,"Cornerstone Prep              ",NA,NA,NA
"2",2,2,64733,100776,21," 66.7"," 33.3",2006,"North Valley Charter          ",NA,NA,NA
"3",3,3,64733,100867,55," 63.6"," 36.4",2006,"KIPP LA College Preparatory   ",NA,NA,NA
"4",4,4,64733,101311,3,"*","*",2006,"Jessie Owens Community Day    ",NA,NA,NA
"5",5,5,64733,101329,2,"*","*",2006,"Cooper Community Day          ",NA,NA,NA
"6",6,6,64733,101634,68," 63.2"," 36.8",2006,"CHIME Middle Charter          ",5,0,NA
"7",7,7,64733,102137,3,"*","*",2006,"Aggeler Community Day         ",NA,NA,NA
"8",8,8,64733,102335,17," 76.5"," 23.5",2006,"Ocean Charter School          ",NA,NA,NA
"9",9,9,64733,106971,665," 58.5"," 41.5",2006,"Vista Middle                  ",6,6,1
"10",10,10,64733,106989,440," 55.0"," 45.0",2006,"Southeast Middle              ",6,5,0
"11",11,11,64733,107011,107," 47.7"," 52.3",2006,"International Studies Learning",NA,NA,NA
"12",12,12,64733,109884,46," 67.4"," 32.6",2006,"James Jordan Middle           ",2,3,0
"13",13,13,64733,1931054,94," 55.3"," 44.7",2006,"Westside Leadership Magnet    ",NA,NA,NA
"14",14,14,64733,1931070,62," 71.0"," 29.0",2006,"Mid City Magnet               ",NA,NA,NA
"15",15,15,64733,1931633,2,"*","*",2006,"Leichman (Diane S.) Spe. Ed.  ",NA,NA,NA
"16",16,16,64733,1931658,17," 58.8"," 41.2",2006,"Lanterman (Frank D.)          ",NA,NA,NA
"17",17,17,64733,1931716,59," 54.2"," 45.8",2006,"Valley Alternative Magnet     ",NA,NA,NA
"18",18,18,64733,1932391,1,"*","*",2006,"West Hollywood Oppor.         ",NA,NA,NA
"19",19,19,64733,1932540,221," 69.2"," 30.8",2006,"Eagle Rock High               ",NA,NA,NA
"20",20,20,64733,1932847,235," 76.6"," 23.4",2006,"Center for Enriched Studies   ",NA,NA,NA
"21",21,21,64733,1932896,66," 60.6"," 39.4",2006,"Arroyo Seco                   ",NA,NA,NA
"22",22,22,64733,1933233,209," 75.1"," 24.9",2006,"Sherman Oaks Ctr.             ",NA,NA,NA
"23",23,23,64733,1939784,11," 63.6"," 36.4",2006,"Widney (Joseph Pomeroy) High  ",NA,NA,NA
"24",24,24,64733,1996073,10,"*","*",2006,"Tri-C Community Day           ",NA,NA,NA
"25",25,25,64733,1996115,73," 58.9"," 41.1",2006,"City of Angels (Ind. Study)   ",NA,NA,NA
"26",26,26,64733,1996610,67," 46.3"," 53.7",2006,"Los Angeles Leadership        ",NA,NA,NA
"27",27,27,64733,1996636,41," 61.0"," 39.0",2006,"Community Harvest Charter     ",NA,NA,NA
"28",28,28,64733,1996651,2,"*","*",2006,"CDS Secondary                 ",NA,NA,NA
"29",29,29,64733,6016349,94," 53.2"," 46.8",2006,"Caroldale Learning Community  ",NA,NA,NA
"30",30,30,64733,6016885,452," 62.4"," 37.6",2006,"Elizabeth Learn Ctr           ",NA,NA,NA
"31",31,31,64733,6017487,108," 51.9"," 48.1",2006,"Harrison Street Elementary    ",NA,NA,NA
"32",32,32,64733,6018865,17," 64.7"," 35.3",2006,"Lull (Fred E.) Special Ed. Cen",NA,NA,NA
"33",33,33,64733,6019475,122," 66.4"," 33.6",2006,"Thirty-Second St. Perf. Arts  ",NA,NA,NA
"34",34,34,64733,6019715,124," 59.7"," 40.3",2006,NA,NA,NA,NA
"35",35,35,64733,6057855,683," 59.3"," 40.7",2006,"Adams (John) Middle           ",2,2,0
"36",36,36,64733,6057871,502," 62.7"," 37.3",2006,"Bancroft (H.H.) Middle        ",3,4,1
"37",37,37,64733,6057889,829," 56.8"," 43.2",2006,"Belvedere Middle              ",6,2,1
"38",38,38,64733,6057897,612," 61.8"," 38.2",2006,"Burbank (Luther) Middle       ",4,5,0
"39",39,39,64733,6057905,580," 57.1"," 42.9",2006,"Byrd (Richard E.) Middle      ",5,6,0
"40",40,40,64733,6057913,545," 56.9"," 43.1",2006,"Carnegie (Andrew) Middle      ",6,7,0
"41",41,41,64733,6057921,873," 52.8"," 47.2",2006,"Carver (G.W) Middle           ",8,5,1
"42",42,42,64733,6057939,1104," 61.3"," 38.7",2006,"Nimitz (Chester W.) Middle    ",4,5,1
"43",43,43,64733,6057947,426," 61.0"," 39.0",2006,"Columbus Middle               ",3,3,1
"44",44,44,64733,6057954,572," 59.4"," 40.6",2006,"Dana (Richard Henry) Midd     ",4,7,1
"45",45,45,64733,6057962,717," 51.9"," 48.1",2006,"Drew (Charles) Middle         ",4,7,1
"46",46,46,64733,6057988,452," 63.9"," 36.1",2006,"Emerson (Ralph Waldo) Middle  ",4,4,1
"47",47,47,64733,6057996,594," 70.5"," 29.5",2006,"Fleming (Alexander) Middl     ",5,7,1
"48",48,48,64733,6058002,424," 62.3"," 37.7",2006,"Fulton (Robert) College Prep  ",NA,NA,NA
"49",49,49,64733,6058028,637," 58.6"," 41.4",2006,"Gompers (Samuel) Middle       ",5,7,0
"50",50,50,64733,6058036,664," 53.5"," 46.5",2006,"Griffith Middle               ",7,2,1
"51",51,51,64733,6058044,553," 62.0"," 38.0",2006,"Harte (Bret) Preparatory Int. ",4,1,1
"52",52,52,64733,6058051,836," 46.4"," 53.6",2006,"Hollenbeck Middle             ",NA,NA,NA
"53",53,53,64733,6058069,477," 64.2"," 35.8",2006,"Holmes Middle                 ",2,3,0
"54",54,54,64733,6058077,530," 60.2"," 39.8",2006,"Irving (Washington) Middl     ",3,5,1
"55",55,55,64733,6058085,948," 66.4"," 33.6",2006,"King Middle                   ",2,5,0
"56",56,56,64733,6058093,662," 69.9"," 30.1",2006,"Lawrence (Ernest) Middle      ",4,3,1
"57",57,57,64733,6058101,370," 53.0"," 47.0",2006,"Maclay (Charles) Middle       ",4,6,1
"58",58,58,64733,6058119,448," 55.8"," 44.2",2006,"Mann (Horace) Junior High     ",2,1,1
"59",59,59,64733,6058127,326," 56.7"," 43.3",2006,"Marina del Rey Middle         ",1,4,0
"60",60,60,64733,6058135,375," 60.3"," 39.7",2006,"Mark Twain Middle             ",2,4,0
"61",61,61,64733,6058143,778," 49.4"," 50.6",2006,"Bethune Middle                ",8,7,1
"62",62,62,64733,6058150,659," 79.4"," 20.6",2006,"Millikan Middle               ",1,3,0
"63",63,63,64733,6058168,554," 69.0"," 31.0",2006,"Mt. Gleason Middle            ",2,6,0
"64",64,64,64733,6058176,726," 59.8"," 40.2",2006,"Muir (John) Middle            ",5,1,1
"65",65,65,64733,6058184,583," 62.8"," 37.2",2006,"Mulholland Middle             ",4,3,1
"66",66,66,64733,6058192,637," 62.5"," 37.5",2006,"Nightingale Middle            ",1,5,1
"67",67,67,64733,6058200,392," 59.9"," 40.1",2006,"Northridge Middle             ",3,3,0
"68",68,68,64733,6058218,710," 60.7"," 39.3",2006,"Pacoima Middle                ",4,6,1
"69",69,69,64733,6058226,620," 75.0"," 25.0",2006,"Palms Middle                  ",2,1,1
"70",70,70,64733,6058242,561," 64.2"," 35.8",2006,"Porter (George K.) Middle     ",2,3,1
"71",71,71,64733,6058267,639," 77.5"," 22.5",2006,"Paul Revere Middle            ",0,4,0
"72",72,72,64733,6058275,545," 69.5"," 30.5",2006,"Frost (Robert) Middle         ",0,3,0
"73",73,73,64733,6058283,633," 58.1"," 41.9",2006,"San Fernando Middle           ",1,6,1
"74",74,74,64733,6058291,662," 59.5"," 40.5",2006,"Sepulveda Middle              ",4,6,1
"75",75,75,64733,6058309,994," 60.0"," 40.0",2006,"South Gate Middle             ",2,5,1
"76",76,76,64733,6058317,875," 50.1"," 49.9",2006,"Stevenson Middle              ",6,2,1
"77",77,77,64733,6058325,492," 62.0"," 38.0",2006,"Sutter (John A.) Middle       ",4,4,1
"78",78,78,64733,6058333,467," 61.0"," 39.0",2006,"Van Nuys Middle               ",3,3,1
"79",79,79,64733,6058341,883," 55.0"," 45.0",2006,"Virgil Middle                 ",4,2,1
"80",80,80,64733,6058358,428," 30.4"," 69.6",2006,"Webster (Daniel) Middle       ",3,4,1
"81",81,81,64733,6058366,645," 66.7"," 33.3",2006,"White (Stephen) Middle        ",2,7,1
"82",82,82,64733,6058374,666," 57.1"," 42.9",2006,"Wilmington Middle             ",1,7,1
"83",83,83,64733,6058382,369," 62.6"," 37.4",2006,"Wright (Orville) Middle       ",1,4,0
"84",84,84,64733,6060495,9,"*","*",2006,"Banneker (Benjamin) Special Ed",NA,NA,NA
"85",85,85,64733,6060503,10,"*","*",2006,"Willenberg (Ernest P.) Special",NA,NA,NA
"86",86,86,64733,6060511,6,"*","*",2006,"McBride (James J.) Special Ed.",NA,NA,NA
"87",87,87,64733,6060529,46," 54.3"," 45.7",2006,"Marlton                       ",NA,NA,NA
"88",88,88,64733,6060545,1,"*","*",2006,"Perez (Alphonso B.) Special Ed",NA,NA,NA
"89",89,89,64733,6061394,516," 61.0"," 39.0",2006,"Audubon Middle                ",2,1,1
"90",90,90,64733,6061402,1065," 58.1"," 41.9",2006,"Berendo Middle                ",6,2,1
"91",91,91,64733,6061410,700," 64.3"," 35.7",2006,"Burroughs (John) Middle       ",1,1,0
"92",92,92,64733,6061428,509," 60.5"," 39.5",2006,"Clay (Henry) Middle           ",1,7,1
"93",93,93,64733,6061436,619," 67.9"," 32.1",2006,"Dodson (R.S.) Middle          ",1,7,1
"94",94,94,64733,6061444,746," 50.0"," 50.0",2006,"Edison (Thomas A.) Middle     ",3,7,1
"95",95,95,64733,6061451,648," 50.3"," 49.7",2006,"Foshay Lrng. Ctr              ",NA,NA,NA
"96",96,96,64733,6061469,1166," 48.5"," 51.5",2006,"Gage (Henry T.) Middle        ",7,5,1
"97",97,97,64733,6061477,716," 78.5"," 21.5",2006,"Hale (George Ellery) Midd     ",1,3,0
"98",98,98,64733,6061485,494," 64.8"," 35.2",2006,"Henry (Patrick) Middle        ",2,3,0
"99",99,99,64733,6061501,683," 60.6"," 39.4",2006,"Le Conte (Joseph) Middle      ",4,4,1
"100",100,100,64733,6061519,768," 61.5"," 38.5",2006,"Madison (James) Middle        ",6,3,1
"101",101,101,64733,6061527,504," 61.3"," 38.7",2006,"Markham (Edwin) Middle        ",2,7,0
"102",102,102,64733,6061535,460," 52.0"," 48.0",2006,"Johnnie Cochran, Jr., Middle  ",5,1,1
"103",103,103,64733,6061543,768," 76.8"," 23.2",2006,"Nobel Middle                  ",0,1,0
"104",104,104,64733,6061550,582," 65.5"," 34.5",2006,"Olive Vista Middle            ",5,6,0
"105",105,105,64733,6061568,338," 67.5"," 32.5",2006,"Woodland Hills Academy        ",2,4,1
"106",106,106,64733,6061576,770," 59.5"," 40.5",2006,"Peary (Robert E.) Middle      ",2,7,1
"107",107,107,64733,6061584,672," 68.0"," 32.0",2006,"De Portola Middle             ",0,4,0
"108",108,108,64733,6061600,847," 51.2"," 48.8",2006,"Sun Valley Middle             ",5,6,1
"109",109,109,64733,6062699,618," 68.8"," 31.2",2006,"Reed (Walter) Middle          ",4,3,1
"110",110,110,64733,6066294,430," 55.6"," 44.4",2006,"Curtiss Middle                ",0,7,0
"111",111,111,64733,6068431,762," 50.5"," 49.5",2006,"El Sereno Middle              ",3,2,1
"112",112,112,64733,6069157,19," 63.2"," 36.8",2006,"Carlson (Berenece) Home Hospit",NA,NA,NA
"113",113,113,64733,6107064,362," 58.0"," 42.0",2006,"Pio Pico Elementary           ",NA,NA,NA
"114",114,114,64733,6112536,91," 41.8"," 58.2",2006,"Accelerated (K-4) Charter     ",NA,NA,NA
"115",115,115,64733,6115794,889," 58.3"," 41.7",2006,"Los Angeles Academy           ",2,7,1
"116",116,116,64733,6118186,247," 51.8"," 48.2",2006,"Ellen Ochoa Learning Center   ",NA,NA,NA
"117",117,117,64733,6119895,12," 83.3"," 16.7",2006,NA,NA,NA,NA
"118",118,118,64733,6117048,80,"  0.0","100.0",2006,NA,NA,NA,NA
"119",119,119,64733,6116750,47," 53.2"," 46.8",2006,NA,NA,NA,NA
"120",120,120,64733,6117667,111," 69.4"," 30.6",2006,NA,NA,NA,NA
"121",121,121,64733,6118194,92," 57.6"," 42.4",2006,NA,NA,NA,NA
"122",122,122,64733,6119945,95," 56.8"," 43.2",2006,NA,NA,NA,NA
"123",123,123,64733,102756,74," 51.4"," 48.6",2006,NA,NA,NA,NA
"124",124,124,64733,101444,61," 68.9"," 31.1",2006,NA,NA,NA,NA
"125",125,125,64733,100669,45," 68.9"," 31.1",2006,NA,NA,NA,NA
"126",126,126,64733,101683,65," 81.5"," 18.5",2006,NA,NA,NA,NA
"127",127,127,64733,102541,71," 69.0"," 31.0",2006,NA,NA,NA,NA
"128",128,128,64733,109553,118," 74.6"," 25.4",2006,NA,NA,NA,NA
"129",129,129,64733,106351,47," 83.0"," 17.0",2006,NA,NA,NA,NA
"130",130,210,64733,100297,74," 62.2"," 37.8",2007,"Cornerstone Prep              ",NA,NA,NA
"131",131,310,64733,100776,34," 61.8"," 38.2",2007,"North Valley Charter          ",NA,NA,NA
"132",132,410,64733,100867,54," 64.8"," 35.2",2007,"KIPP LA College Preparatory   ",NA,NA,NA
"133",133,510,64733,101311,7,"*","*",2007,"Jessie Owens Community Day    ",NA,NA,NA
"134",134,610,64733,101329,6,"*","*",2007,"Cooper Community Day          ",NA,NA,NA
"135",135,710,64733,101634,73," 71.2"," 28.8",2007,"CHIME Middle Charter          ",5,0,NA
"136",136,810,64733,102137,4,"*","*",2007,"Aggeler Community Day         ",NA,NA,NA
"137",137,910,64733,102335,24," 95.8","  4.2",2007,"Ocean Charter School          ",NA,NA,NA
"138",138,1110,64733,106971,673," 59.1"," 40.9",2007,"Vista Middle                  ",6,6,1
"139",139,1210,64733,106989,446," 54.3"," 45.7",2007,"Southeast Middle              ",6,5,0
"140",140,139,64733,107011,112," 61.6"," 38.4",2007,"International Studies Learning",NA,NA,NA
"141",141,161,64733,109884,45," 68.9"," 31.1",2007,"James Jordan Middle           ",2,3,0
"142",142,201,64733,1931054,111," 64.0"," 36.0",2007,"Westside Leadership Magnet    ",NA,NA,NA
"143",143,211,64733,1931070,62," 74.2"," 25.8",2007,"Mid City Magnet               ",NA,NA,NA
"144",144,221,64733,1931658,7,"*","*",2007,"Lanterman (Frank D.)          ",NA,NA,NA
"145",145,231,64733,1931716,59," 66.1"," 33.9",2007,"Valley Alternative Magnet     ",NA,NA,NA
"146",146,241,64733,1932540,342," 63.2"," 36.8",2007,"Eagle Rock High               ",NA,NA,NA
"147",147,251,64733,1932847,229," 79.5"," 20.5",2007,"Center for Enriched Studies   ",NA,NA,NA
"148",148,261,64733,1932896,65," 55.4"," 44.6",2007,"Arroyo Seco                   ",NA,NA,NA
"149",149,271,64733,1933233,203," 79.3"," 20.7",2007,"Sherman Oaks Ctr.             ",NA,NA,NA
"150",150,281,64733,1939784,22," 54.5"," 45.5",2007,"Widney (Joseph Pomeroy) High  ",NA,NA,NA
"151",151,291,64733,1996073,22," 68.2"," 31.8",2007,"Tri-C Community Day           ",NA,NA,NA
"152",152,301,64733,1996115,75," 65.3"," 34.7",2007,"City of Angels (Ind. Study)   ",NA,NA,NA
"153",153,311,64733,1996610,62," 53.2"," 46.8",2007,"Los Angeles Leadership        ",NA,NA,NA
"154",154,321,64733,1996636,43," 53.5"," 46.5",2007,"Community Harvest Charter     ",NA,NA,NA
"155",155,331,64733,1996651,16," 43.8"," 56.3",2007,"CDS Secondary                 ",NA,NA,NA
"156",156,341,64733,6016349,101," 59.4"," 40.6",2007,"Caroldale Learning Community  ",NA,NA,NA
"157",157,351,64733,6016885,467," 58.0"," 42.0",2007,"Elizabeth Learn Ctr           ",NA,NA,NA
"158",158,361,64733,6017487,81," 49.4"," 50.6",2007,"Harrison Street Elementary    ",NA,NA,NA
"159",159,371,64733,6018865,26," 30.8"," 69.2",2007,"Lull (Fred E.) Special Ed. Cen",NA,NA,NA
"160",160,381,64733,6019475,120," 58.3"," 41.7",2007,"Thirty-Second St. Perf. Arts  ",NA,NA,NA
"161",161,401,64733,6057855,536," 60.1"," 39.9",2007,"Adams (John) Middle           ",2,2,0
"162",162,411,64733,6057871,460," 59.6"," 40.4",2007,"Bancroft (H.H.) Middle        ",3,4,1
"163",163,421,64733,6057889,761," 55.1"," 44.9",2007,"Belvedere Middle              ",6,2,1
"164",164,431,64733,6057897,594," 59.1"," 40.9",2007,"Burbank (Luther) Middle       ",4,5,0
"165",165,441,64733,6057905,586," 54.1"," 45.9",2007,"Byrd (Richard E.) Middle      ",5,6,0
"166",166,451,64733,6057913,565," 56.6"," 43.4",2007,"Carnegie (Andrew) Middle      ",6,7,0
"167",167,461,64733,6057921,619," 46.4"," 53.6",2007,"Carver (G.W) Middle           ",8,5,1
"168",168,471,64733,6057939,989," 58.3"," 41.7",2007,"Nimitz (Chester W.) Middle    ",4,5,1
"169",169,481,64733,6057947,419," 61.6"," 38.4",2007,"Columbus Middle               ",3,3,1
"170",170,491,64733,6057954,601," 65.4"," 34.6",2007,"Dana (Richard Henry) Midd     ",4,7,1
"171",171,501,64733,6057962,726," 51.4"," 48.6",2007,"Drew (Charles) Middle         ",4,7,1
"172",172,511,64733,6057988,461," 67.0"," 33.0",2007,"Emerson (Ralph Waldo) Middle  ",4,4,1
"173",173,521,64733,6057996,682," 62.2"," 37.8",2007,"Fleming (Alexander) Middl     ",5,7,1
"174",174,531,64733,6058002,524," 55.0"," 45.0",2007,"Fulton (Robert) College Prep  ",NA,NA,NA
"175",175,541,64733,6058028,512," 56.4"," 43.6",2007,"Gompers (Samuel) Middle       ",5,7,0
"176",176,551,64733,6058036,641," 52.6"," 47.4",2007,"Griffith Middle               ",7,2,1
"177",177,561,64733,6058044,466," 63.9"," 36.1",2007,"Harte (Bret) Preparatory Int. ",4,1,1
"178",178,571,64733,6058051,817," 49.6"," 50.4",2007,"Hollenbeck Middle             ",NA,NA,NA
"179",179,581,64733,6058069,486," 64.0"," 36.0",2007,"Holmes Middle                 ",2,3,0
"180",180,591,64733,6058077,515," 57.3"," 42.7",2007,"Irving (Washington) Middl     ",3,5,1
"181",181,601,64733,6058085,916," 63.2"," 36.8",2007,"King Middle                   ",2,5,0
"182",182,611,64733,6058093,629," 65.2"," 34.8",2007,"Lawrence (Ernest) Middle      ",4,3,1
"183",183,621,64733,6058101,373," 53.9"," 46.1",2007,"Maclay (Charles) Middle       ",4,6,1
"184",184,631,64733,6058119,408," 60.0"," 40.0",2007,"Mann (Horace) Junior High     ",2,1,1
"185",185,641,64733,6058127,421," 61.8"," 38.2",2007,"Marina del Rey Middle         ",1,4,0
"186",186,651,64733,6058135,355," 58.6"," 41.4",2007,"Mark Twain Middle             ",2,4,0
"187",187,661,64733,6058143,825," 51.5"," 48.5",2007,"Bethune Middle                ",8,7,1
"188",188,671,64733,6058150,631," 79.7"," 20.3",2007,"Millikan Middle               ",1,3,0
"189",189,681,64733,6058168,517," 62.5"," 37.5",2007,"Mt. Gleason Middle            ",2,6,0
"190",190,691,64733,6058176,764," 60.3"," 39.7",2007,"Muir (John) Middle            ",5,1,1
"191",191,701,64733,6058184,600," 53.7"," 46.3",2007,"Mulholland Middle             ",4,3,1
"192",192,711,64733,6058192,677," 64.0"," 36.0",2007,"Nightingale Middle            ",1,5,1
"193",193,721,64733,6058200,353," 60.1"," 39.9",2007,"Northridge Middle             ",3,3,0
"194",194,731,64733,6058218,720," 63.7"," 36.2",2007,"Pacoima Middle                ",4,6,1
"195",195,741,64733,6058226,636," 72.8"," 27.2",2007,"Palms Middle                  ",2,1,1
"196",196,751,64733,6058242,578," 66.6"," 33.4",2007,"Porter (George K.) Middle     ",2,3,1
"197",197,761,64733,6058267,655," 82.7"," 17.3",2007,"Paul Revere Middle            ",0,4,0
"198",198,771,64733,6058275,618," 70.2"," 29.8",2007,"Frost (Robert) Middle         ",0,3,0
"199",199,781,64733,6058283,599," 56.3"," 43.7",2007,"San Fernando Middle           ",1,6,1
"200",200,791,64733,6058291,683," 60.2"," 39.8",2007,"Sepulveda Middle              ",4,6,1
"201",201,801,64733,6058309,1027," 62.2"," 37.8",2007,"South Gate Middle             ",2,5,1
"202",202,811,64733,6058317,861," 58.4"," 41.6",2007,"Stevenson Middle              ",6,2,1
"203",203,821,64733,6058325,552," 54.0"," 46.0",2007,"Sutter (John A.) Middle       ",4,4,1
"204",204,831,64733,6058333,530," 61.3"," 38.7",2007,"Van Nuys Middle               ",3,3,1
"205",205,841,64733,6058341,919," 52.7"," 47.3",2007,"Virgil Middle                 ",4,2,1
"206",206,851,64733,6058358,362," 56.4"," 43.6",2007,"Webster (Daniel) Middle       ",3,4,1
"207",207,861,64733,6058366,655," 61.8"," 38.2",2007,"White (Stephen) Middle        ",2,7,1
"208",208,871,64733,6058374,702," 58.4"," 41.6",2007,"Wilmington Middle             ",1,7,1
"209",209,881,64733,6058382,346," 65.9"," 34.1",2007,"Wright (Orville) Middle       ",1,4,0
"210",210,901,64733,6060495,19," 63.2"," 36.8",2007,"Banneker (Benjamin) Special Ed",NA,NA,NA
"211",211,911,64733,6060503,8,"*","*",2007,"Willenberg (Ernest P.) Special",NA,NA,NA
"212",212,921,64733,6060511,7,"*","*",2007,"McBride (James J.) Special Ed.",NA,NA,NA
"213",213,931,64733,6060529,20," 65.0"," 35.0",2007,"Marlton                       ",NA,NA,NA
"214",214,941,64733,6060545,13," 46.2"," 53.8",2007,"Perez (Alphonso B.) Special Ed",NA,NA,NA
"215",215,951,64733,6061394,445," 59.8"," 40.2",2007,"Audubon Middle                ",2,1,1
"216",216,961,64733,6061402,993," 57.9"," 42.1",2007,"Berendo Middle                ",6,2,1
"217",217,971,64733,6061410,765," 71.1"," 28.9",2007,"Burroughs (John) Middle       ",1,1,0
"218",218,981,64733,6061428,531," 58.8"," 41.2",2007,"Clay (Henry) Middle           ",1,7,1
"219",219,991,64733,6061436,629," 63.0"," 37.0",2007,"Dodson (R.S.) Middle          ",1,7,1
"220",220,1001,64733,6061444,723," 56.6"," 43.4",2007,"Edison (Thomas A.) Middle     ",3,7,1
"221",221,1011,64733,6061451,872," 54.1"," 45.9",2007,"Foshay Lrng. Ctr              ",NA,NA,NA
"222",222,1021,64733,6061469,1212," 59.1"," 40.9",2007,"Gage (Henry T.) Middle        ",7,5,1
"223",223,1031,64733,6061477,702," 75.1"," 24.9",2007,"Hale (George Ellery) Midd     ",1,3,0
"224",224,1041,64733,6061485,381," 63.0"," 37.0",2007,"Henry (Patrick) Middle        ",2,3,0
"225",225,1051,64733,6061501,649," 62.7"," 37.3",2007,"Le Conte (Joseph) Middle      ",4,4,1
"226",226,1061,64733,6061519,734," 60.4"," 39.6",2007,"Madison (James) Middle        ",6,3,1
"227",227,1071,64733,6061527,474," 61.6"," 38.4",2007,"Markham (Edwin) Middle        ",2,7,0
"228",228,1081,64733,6061535,561," 56.5"," 43.5",2007,"Johnnie Cochran, Jr., Middle  ",5,1,1
"229",229,1091,64733,6061543,852," 75.8"," 24.2",2007,"Nobel Middle                  ",0,1,0
"230",230,1101,64733,6061550,592," 59.8"," 40.2",2007,"Olive Vista Middle            ",5,6,0
"231",231,1111,64733,6061568,316," 76.9"," 23.1",2007,"Woodland Hills Academy        ",2,4,1
"232",232,1121,64733,6061576,821," 59.2"," 40.8",2007,"Peary (Robert E.) Middle      ",2,7,1
"233",233,1131,64733,6061584,624," 67.9"," 32.1",2007,"De Portola Middle             ",0,4,0
"234",234,1141,64733,6061600,825," 56.8"," 43.2",2007,"Sun Valley Middle             ",5,6,1
"235",235,1151,64733,6062699,644," 65.7"," 34.3",2007,"Reed (Walter) Middle          ",4,3,1
"236",236,1161,64733,6066294,435," 54.5"," 45.5",2007,"Curtiss Middle                ",0,7,0
"237",237,1171,64733,6068431,759," 51.4"," 48.6",2007,"El Sereno Middle              ",3,2,1
"238",238,1181,64733,6069157,25," 60.0"," 40.0",2007,"Carlson (Berenece) Home Hospit",NA,NA,NA
"239",239,1191,64733,6107064,326," 60.7"," 39.3",2007,"Pio Pico Elementary           ",NA,NA,NA
"240",240,1201,64733,6112536,156," 58.3"," 41.7",2007,"Accelerated (K-4) Charter     ",NA,NA,NA
"241",241,1211,64733,6115794,795," 55.5"," 44.5",2007,"Los Angeles Academy           ",2,7,1
"242",242,1221,64733,6118186,258," 59.7"," 40.3",2007,"Ellen Ochoa Learning Center   ",NA,NA,NA
"243",243,1231,64733,6118194,77," 72.7"," 27.3",2007,NA,NA,NA,NA
"244",244,1241,64733,6119895,15," 86.7"," 13.3",2007,NA,NA,NA,NA
"245",245,1261,64733,6019715,130," 49.2"," 50.8",2007,NA,NA,NA,NA
"246",246,1271,64733,6116750,102," 64.7"," 35.3",2007,NA,NA,NA,NA
"247",247,1281,64733,6117667,56," 73.2"," 26.8",2007,NA,NA,NA,NA
"248",248,1291,64733,6119945,95," 63.2"," 36.8",2007,NA,NA,NA,NA
"249",249,132,64733,101444,85," 56.5"," 43.5",2007,NA,NA,NA,NA
"250",250,133,64733,101683,69," 73.9"," 26.1",2007,NA,NA,NA,NA
"251",251,134,64733,102541,102," 50.0"," 50.0",2007,NA,NA,NA,NA
"252",252,135,64733,106351,43," 74.4"," 25.6",2007,NA,NA,NA,NA
"253",253,212,64733,100297,38," 52.6"," 47.4",2008,"Cornerstone Prep              ",NA,NA,NA
"254",254,312,64733,100776,62," 51.6"," 48.4",2008,"North Valley Charter          ",NA,NA,NA
"255",255,412,64733,100867,88," 58.0"," 42.0",2008,"KIPP LA College Preparatory   ",NA,NA,NA
"256",256,512,64733,101311,3,"*","*",2008,"Jessie Owens Community Day    ",NA,NA,NA
"257",257,612,64733,101329,4,"*","*",2008,"Cooper Community Day          ",NA,NA,NA
"258",258,712,64733,101634,75," 70.7"," 29.3",2008,"CHIME Middle Charter          ",5,0,NA
"259",259,812,64733,102335,24," 95.8","  4.2",2008,"Ocean Charter School          ",NA,NA,NA
"260",260,1010,64733,106971,643," 57.4"," 42.6",2008,"Vista Middle                  ",6,6,1
"261",261,1112,64733,106989,429," 54.3"," 45.7",2008,"Southeast Middle              ",6,5,0
"262",262,1212,64733,107011,128," 54.7"," 45.3",2008,"International Studies Learning",NA,NA,NA
"263",263,141,64733,109884,51," 58.8"," 41.2",2008,"James Jordan Middle           ",2,3,0
"264",264,242,64733,1931054,113," 58.4"," 41.6",2008,"Westside Leadership Magnet    ",NA,NA,NA
"265",265,252,64733,1931070,56," 57.1"," 42.9",2008,"Mid City Magnet               ",NA,NA,NA
"266",266,262,64733,1931658,22," 45.5"," 54.5",2008,"Lanterman (Frank D.)          ",NA,NA,NA
"267",267,272,64733,1931716,52," 57.7"," 42.3",2008,"Valley Alternative Magnet     ",NA,NA,NA
"268",268,282,64733,1932540,372," 68.3"," 31.7",2008,"Eagle Rock High               ",NA,NA,NA
"269",269,292,64733,1932847,238," 77.7"," 22.3",2008,"Center for Enriched Studies   ",NA,NA,NA
"270",270,302,64733,1932896,61," 59.0"," 41.0",2008,"Arroyo Seco                   ",NA,NA,NA
"271",271,313,64733,1933233,202," 80.7"," 19.3",2008,"Sherman Oaks Ctr.             ",NA,NA,NA
"272",272,332,64733,1939784,12," 58.3"," 41.7",2008,"Widney (Joseph Pomeroy) High  ",NA,NA,NA
"273",273,342,64733,1996115,66," 57.6"," 42.4",2008,"City of Angels (Ind. Study)   ",NA,NA,NA
"274",274,352,64733,1996610,67," 53.7"," 46.3",2008,"Los Angeles Leadership        ",NA,NA,NA
"275",275,362,64733,1996636,47," 66.0"," 34.0",2008,"Community Harvest Charter     ",NA,NA,NA
"276",276,372,64733,1996651,24," 54.2"," 45.8",2008,"CDS Secondary                 ",NA,NA,NA
"277",277,382,64733,6016349,93," 65.6"," 34.4",2008,"Caroldale Learning Community  ",NA,NA,NA
"278",278,391,64733,6016885,418," 61.2"," 38.8",2008,"Elizabeth Learn Ctr           ",NA,NA,NA
"279",279,402,64733,6018865,24," 45.8"," 54.2",2008,"Lull (Fred E.) Special Ed. Cen",NA,NA,NA
"280",280,413,64733,6019475,120," 54.2"," 45.8",2008,"Thirty-Second St. Perf. Arts  ",NA,NA,NA
"281",281,432,64733,6057855,534," 60.1"," 39.9",2008,"Adams (John) Middle           ",2,2,0
"282",282,442,64733,6057871,427," 63.9"," 36.1",2008,"Bancroft (H.H.) Middle        ",3,4,1
"283",283,452,64733,6057889,774," 55.4"," 44.6",2008,"Belvedere Middle              ",6,2,1
"284",284,462,64733,6057897,561," 60.6"," 39.4",2008,"Burbank (Luther) Middle       ",4,5,0
"285",285,472,64733,6057905,563," 63.1"," 36.9",2008,"Byrd (Richard E.) Middle      ",5,6,0
"286",286,482,64733,6057913,531," 62.1"," 37.9",2008,"Carnegie (Andrew) Middle      ",6,7,0
"287",287,492,64733,6057921,554," 51.6"," 48.4",2008,"Carver (G.W) Middle           ",8,5,1
"288",288,502,64733,6057939,1065," 57.1"," 42.9",2008,"Nimitz (Chester W.) Middle    ",4,5,1
"289",289,513,64733,6057947,386," 64.5"," 35.5",2008,"Columbus Middle               ",3,3,1
"290",290,522,64733,6057954,590," 64.9"," 35.1",2008,"Dana (Richard Henry) Midd     ",4,7,1
"291",291,532,64733,6057962,719," 53.1"," 46.9",2008,"Drew (Charles) Middle         ",4,7,1
"292",292,542,64733,6057988,377," 62.3"," 37.7",2008,"Emerson (Ralph Waldo) Middle  ",4,4,1
"293",293,552,64733,6057996,630," 63.7"," 36.3",2008,"Fleming (Alexander) Middl     ",5,7,1
"294",294,562,64733,6058002,444," 52.5"," 47.5",2008,"Fulton (Robert) College Prep  ",NA,NA,NA
"295",295,572,64733,6058028,537," 60.3"," 39.7",2008,"Gompers (Samuel) Middle       ",5,7,0
"296",296,582,64733,6058036,636," 56.0"," 44.0",2008,"Griffith Middle               ",7,2,1
"297",297,592,64733,6058044,489," 57.7"," 42.3",2008,"Harte (Bret) Preparatory Int. ",4,1,1
"298",298,602,64733,6058051,769," 56.7"," 43.3",2008,"Hollenbeck Middle             ",NA,NA,NA
"299",299,613,64733,6058069,519," 66.7"," 33.3",2008,"Holmes Middle                 ",2,3,0
"300",300,622,64733,6058077,499," 65.3"," 34.7",2008,"Irving (Washington) Middl     ",3,5,1
"301",301,632,64733,6058085,925," 63.5"," 36.5",2008,"King Middle                   ",2,5,0
"302",302,642,64733,6058093,608," 63.2"," 36.8",2008,"Lawrence (Ernest) Middle      ",4,3,1
"303",303,652,64733,6058101,309," 54.4"," 45.6",2008,"Maclay (Charles) Middle       ",4,6,1
"304",304,662,64733,6058119,411," 58.9"," 41.1",2008,"Mann (Horace) Junior High     ",2,1,1
"305",305,672,64733,6058127,325," 56.9"," 43.1",2008,"Marina del Rey Middle         ",1,4,0
"306",306,682,64733,6058135,294," 55.8"," 44.2",2008,"Mark Twain Middle             ",2,4,0
"307",307,692,64733,6058143,737," 56.2"," 43.8",2008,"Bethune Middle                ",8,7,1
"308",308,702,64733,6058150,634," 77.6"," 22.4",2008,"Millikan Middle               ",1,3,0
"309",309,713,64733,6058168,429," 61.3"," 38.7",2008,"Mt. Gleason Middle            ",2,6,0
"310",310,722,64733,6058176,682," 55.7"," 44.3",2008,"Muir (John) Middle            ",5,1,1
"311",311,732,64733,6058184,615," 51.4"," 48.6",2008,"Mulholland Middle             ",4,3,1
"312",312,742,64733,6058192,657," 65.0"," 35.0",2008,"Nightingale Middle            ",1,5,1
"313",313,752,64733,6058200,417," 59.2"," 40.8",2008,"Northridge Middle             ",3,3,0
"314",314,762,64733,6058218,754," 60.3"," 39.7",2008,"Pacoima Middle                ",4,6,1
"315",315,772,64733,6058226,624," 71.6"," 28.4",2008,"Palms Middle                  ",2,1,1
"316",316,782,64733,6058242,590," 67.8"," 32.2",2008,"Porter (George K.) Middle     ",2,3,1
"317",317,792,64733,6058267,687," 82.2"," 17.8",2008,"Paul Revere Middle            ",0,4,0
"318",318,802,64733,6058275,592," 70.1"," 29.9",2008,"Frost (Robert) Middle         ",0,3,0
"319",319,813,64733,6058283,589," 57.0"," 43.0",2008,"San Fernando Middle           ",1,6,1
"320",320,822,64733,6058291,692," 62.3"," 37.7",2008,"Sepulveda Middle              ",4,6,1
"321",321,832,64733,6058309,825," 53.8"," 46.2",2008,"South Gate Middle             ",2,5,1
"322",322,842,64733,6058317,812," 60.3"," 39.7",2008,"Stevenson Middle              ",6,2,1
"323",323,852,64733,6058325,529," 59.5"," 40.5",2008,"Sutter (John A.) Middle       ",4,4,1
"324",324,862,64733,6058333,479," 67.0"," 33.0",2008,"Van Nuys Middle               ",3,3,1
"325",325,872,64733,6058341,755," 57.4"," 42.6",2008,"Virgil Middle                 ",4,2,1
"326",326,882,64733,6058358,272," 52.6"," 47.4",2008,"Webster (Daniel) Middle       ",3,4,1
"327",327,891,64733,6058366,614," 69.4"," 30.6",2008,"White (Stephen) Middle        ",2,7,1
"328",328,902,64733,6058374,706," 56.2"," 43.8",2008,"Wilmington Middle             ",1,7,1
"329",329,912,64733,6058382,366," 69.4"," 30.6",2008,"Wright (Orville) Middle       ",1,4,0
"330",330,932,64733,6060495,27," 74.1"," 25.9",2008,"Banneker (Benjamin) Special Ed",NA,NA,NA
"331",331,942,64733,6060503,12," 66.7"," 33.3",2008,"Willenberg (Ernest P.) Special",NA,NA,NA
"332",332,952,64733,6060511,7,"*","*",2008,"McBride (James J.) Special Ed.",NA,NA,NA
"333",333,962,64733,6060529,21," 71.4"," 28.6",2008,"Marlton                       ",NA,NA,NA
"334",334,972,64733,6060545,17," 70.6"," 29.4",2008,"Perez (Alphonso B.) Special Ed",NA,NA,NA
"335",335,982,64733,6061394,419," 56.1"," 43.9",2008,"Audubon Middle                ",2,1,1
"336",336,992,64733,6061402,747," 58.9"," 41.1",2008,"Berendo Middle                ",6,2,1
"337",337,1002,64733,6061410,738," 66.1"," 33.9",2008,"Burroughs (John) Middle       ",1,1,0
"338",338,1012,64733,6061428,495," 55.2"," 44.8",2008,"Clay (Henry) Middle           ",1,7,1
"339",339,1022,64733,6061436,628," 65.0"," 35.0",2008,"Dodson (R.S.) Middle          ",1,7,1
"340",340,1032,64733,6061444,660," 60.6"," 39.4",2008,"Edison (Thomas A.) Middle     ",3,7,1
"341",341,1042,64733,6061451,783," 59.1"," 40.9",2008,"Foshay Lrng. Ctr              ",NA,NA,NA
"342",342,1052,64733,6061469,1138," 54.5"," 45.5",2008,"Gage (Henry T.) Middle        ",7,5,1
"343",343,1062,64733,6061477,706," 79.3"," 20.7",2008,"Hale (George Ellery) Midd     ",1,3,0
"344",344,1072,64733,6061485,425," 62.6"," 37.4",2008,"Henry (Patrick) Middle        ",2,3,0
"345",345,1082,64733,6061501,578," 62.5"," 37.5",2008,"Le Conte (Joseph) Middle      ",4,4,1
"346",346,1092,64733,6061519,699," 58.5"," 41.5",2008,"Madison (James) Middle        ",6,3,1
"347",347,1102,64733,6061527,451," 52.5"," 47.5",2008,"Markham (Edwin) Middle        ",2,7,0
"348",348,1113,64733,6061535,571," 57.3"," 42.7",2008,"Johnnie Cochran, Jr., Middle  ",5,1,1
"349",349,1122,64733,6061543,741," 80.4"," 19.6",2008,"Nobel Middle                  ",0,1,0
"350",350,1132,64733,6061550,603," 62.4"," 37.6",2008,"Olive Vista Middle            ",5,6,0
"351",351,1142,64733,6061568,286," 78.7"," 21.3",2008,"Woodland Hills Academy        ",2,4,1
"352",352,1152,64733,6061576,752," 58.2"," 41.8",2008,"Peary (Robert E.) Middle      ",2,7,1
"353",353,1162,64733,6061584,659," 73.1"," 26.9",2008,"De Portola Middle             ",0,4,0
"354",354,1172,64733,6061600,842," 54.9"," 45.1",2008,"Sun Valley Middle             ",5,6,1
"355",355,1182,64733,6062699,604," 71.7"," 28.3",2008,"Reed (Walter) Middle          ",4,3,1
"356",356,1192,64733,6066294,356," 58.4"," 41.6",2008,"Curtiss Middle                ",0,7,0
"357",357,1202,64733,6068431,753," 62.4"," 37.6",2008,"El Sereno Middle              ",3,2,1
"358",358,1213,64733,6069157,25," 80.0"," 20.0",2008,"Carlson (Berenece) Home Hospit",NA,NA,NA
"359",359,1222,64733,6107064,318," 52.8"," 47.2",2008,"Pio Pico Elementary           ",NA,NA,NA
"360",360,1232,64733,6112536,110," 63.6"," 36.4",2008,"Accelerated (K-4) Charter     ",NA,NA,NA
"361",361,1242,64733,6115794,730," 53.7"," 46.3",2008,"Los Angeles Academy           ",2,7,1
"362",362,1251,64733,6118186,260," 55.4"," 44.6",2008,"Ellen Ochoa Learning Center   ",NA,NA,NA
"363",363,1272,64733,6019715,126," 57.9"," 42.1",2008,NA,NA,NA,NA
"364",364,1282,64733,6116750,100," 65.0"," 35.0",2008,NA,NA,NA,NA
"365",365,1292,64733,6118194,74," 67.6"," 32.4",2008,NA,NA,NA,NA
"366",366,130,64733,6119945,91," 65.9"," 34.1",2008,NA,NA,NA,NA
"367",367,1321,64733,101444,74," 77.0"," 23.0",2008,NA,NA,NA,NA
"368",368,1331,64733,100669,54," 72.2"," 27.8",2008,NA,NA,NA,NA
"369",369,1341,64733,101683,63," 82.5"," 17.5",2008,NA,NA,NA,NA
"370",370,1351,64733,102541,25," 24.0"," 76.0",2008,NA,NA,NA,NA
"371",371,136,64733,106351,88," 71.6"," 28.4",2008,NA,NA,NA,NA
"372",372,137,64733,6117667,110," 53.6"," 46.4",2008,NA,NA,NA,NA
"373",373,213,64733,100776,29," 72.4"," 27.6",2009,"North Valley Charter          ",NA,NA,NA
"374",374,314,64733,101329,2,"*","*",2009,"Cooper Community Day          ",NA,NA,NA
"375",375,414,64733,101634,60," 66.7"," 33.3",2009,"CHIME Middle Charter          ",5,0,NA
"376",376,514,64733,102335,23," 91.3","  8.7",2009,"Ocean Charter School          ",NA,NA,NA
"377",377,714,64733,106971,720," 64.3"," 35.7",2009,"Vista Middle                  ",6,6,1
"378",378,814,64733,106989,442," 56.1"," 43.9",2009,"Southeast Middle              ",6,5,0
"379",379,913,64733,107011,111," 49.5"," 50.5",2009,"International Studies Learning",NA,NA,NA
"380",380,1114,64733,109884,55," 50.9"," 49.1",2009,"James Jordan Middle           ",2,3,0
"381",381,243,64733,1931054,83," 65.1"," 34.9",2009,"Westside Leadership Magnet    ",NA,NA,NA
"382",382,253,64733,1931070,59," 44.1"," 55.9",2009,"Mid City Magnet               ",NA,NA,NA
"383",383,263,64733,1931658,13," 15.4"," 84.6",2009,"Lanterman (Frank D.)          ",NA,NA,NA
"384",384,273,64733,1931716,54," 64.8"," 35.2",2009,"Valley Alternative Magnet     ",NA,NA,NA
"385",385,283,64733,1932540,361," 73.4"," 26.6",2009,"Eagle Rock High               ",NA,NA,NA
"386",386,293,64733,1932847,195," 71.8"," 28.2",2009,"Center for Enriched Studies   ",NA,NA,NA
"387",387,303,64733,1932896,60," 71.7"," 28.3",2009,"Arroyo Seco                   ",NA,NA,NA
"388",388,315,64733,1933233,209," 76.6"," 23.4",2009,"Sherman Oaks Ctr.             ",NA,NA,NA
"389",389,322,64733,1939784,16," 75.0"," 25.0",2009,"Widney (Joseph Pomeroy) High  ",NA,NA,NA
"390",390,333,64733,1996115,64," 62.5"," 37.5",2009,"City of Angels (Ind. Study)   ",NA,NA,NA
"391",391,343,64733,1996610,67," 56.7"," 43.3",2009,"Los Angeles Leadership        ",NA,NA,NA
"392",392,353,64733,1996636,42," 38.1"," 61.9",2009,"Community Harvest Charter     ",NA,NA,NA
"393",393,363,64733,1996651,18," 72.2"," 27.8",2009,"CDS Secondary                 ",NA,NA,NA
"394",394,373,64733,6016349,87," 65.5"," 34.5",2009,"Caroldale Learning Community  ",NA,NA,NA
"395",395,383,64733,6016885,392," 58.9"," 41.1",2009,"Elizabeth Learn Ctr           ",NA,NA,NA
"396",396,392,64733,6018865,22," 54.5"," 45.5",2009,"Lull (Fred E.) Special Ed. Cen",NA,NA,NA
"397",397,403,64733,6019475,114," 63.2"," 36.8",2009,"Thirty-Second St. Perf. Arts  ",NA,NA,NA
"398",398,422,64733,6057855,515," 60.6"," 39.4",2009,"Adams (John) Middle           ",2,2,0
"399",399,433,64733,6057871,461," 60.7"," 39.3",2009,"Bancroft (H.H.) Middle        ",3,4,1
"400",400,443,64733,6057889,741," 54.0"," 46.0",2009,"Belvedere Middle              ",6,2,1
"401",401,453,64733,6057897,470," 56.6"," 43.4",2009,"Burbank (Luther) Middle       ",4,5,0
"402",402,463,64733,6057905,545," 55.4"," 44.6",2009,"Byrd (Richard E.) Middle      ",5,6,0
"403",403,473,64733,6057913,505," 58.8"," 41.2",2009,"Carnegie (Andrew) Middle      ",6,7,0
"404",404,483,64733,6057921,617," 52.2"," 47.8",2009,"Carver (G.W) Middle           ",8,5,1
"405",405,493,64733,6057939,894," 59.1"," 40.9",2009,"Nimitz (Chester W.) Middle    ",4,5,1
"406",406,503,64733,6057947,348," 63.2"," 36.8",2009,"Columbus Middle               ",3,3,1
"407",407,515,64733,6057954,543," 62.2"," 37.8",2009,"Dana (Richard Henry) Midd     ",4,7,1
"408",408,523,64733,6057962,684," 54.2"," 45.8",2009,"Drew (Charles) Middle         ",4,7,1
"409",409,533,64733,6057988,344," 67.7"," 32.3",2009,"Emerson (Ralph Waldo) Middle  ",4,4,1
"410",410,543,64733,6057996,605," 65.3"," 34.7",2009,"Fleming (Alexander) Middl     ",5,7,1
"411",411,553,64733,6058002,415," 55.4"," 44.6",2009,"Fulton (Robert) College Prep  ",NA,NA,NA
"412",412,563,64733,6058028,557," 61.4"," 38.6",2009,"Gompers (Samuel) Middle       ",5,7,0
"413",413,573,64733,6058036,589," 61.0"," 39.0",2009,"Griffith Middle               ",7,2,1
"414",414,583,64733,6058044,451," 57.4"," 42.6",2009,"Harte (Bret) Preparatory Int. ",4,1,1
"415",415,593,64733,6058051,739," 56.2"," 43.8",2009,"Hollenbeck Middle             ",NA,NA,NA
"416",416,603,64733,6058069,494," 67.6"," 32.4",2009,"Holmes Middle                 ",2,3,0
"417",417,614,64733,6058077,440," 60.0"," 40.0",2009,"Irving (Washington) Middl     ",3,5,1
"418",418,623,64733,6058085,846," 59.6"," 40.4",2009,"King Middle                   ",2,5,0
"419",419,633,64733,6058093,550," 68.9"," 31.1",2009,"Lawrence (Ernest) Middle      ",4,3,1
"420",420,643,64733,6058101,342," 55.3"," 44.7",2009,"Maclay (Charles) Middle       ",4,6,1
"421",421,653,64733,6058119,349," 61.9"," 38.1",2009,"Mann (Horace) Junior High     ",2,1,1
"422",422,663,64733,6058127,307," 64.8"," 35.2",2009,"Marina del Rey Middle         ",1,4,0
"423",423,673,64733,6058135,264," 54.2"," 45.8",2009,"Mark Twain Middle             ",2,4,0
"424",424,683,64733,6058143,731," 58.1"," 41.9",2009,"Bethune Middle                ",8,7,1
"425",425,693,64733,6058150,697," 82.5"," 17.5",2009,"Millikan Middle               ",1,3,0
"426",426,703,64733,6058168,439," 63.6"," 36.4",2009,"Mt. Gleason Middle            ",2,6,0
"427",427,715,64733,6058176,648," 61.1"," 38.9",2009,"Muir (John) Middle            ",5,1,1
"428",428,723,64733,6058184,598," 58.9"," 41.1",2009,"Mulholland Middle             ",4,3,1
"429",429,733,64733,6058192,635," 62.7"," 37.3",2009,"Nightingale Middle            ",1,5,1
"430",430,743,64733,6058200,355," 64.5"," 35.5",2009,"Northridge Middle             ",3,3,0
"431",431,753,64733,6058218,669," 61.0"," 39.0",2009,"Pacoima Middle                ",4,6,1
"432",432,763,64733,6058226,585," 73.7"," 26.3",2009,"Palms Middle                  ",2,1,1
"433",433,773,64733,6058242,621," 65.9"," 34.1",2009,"Porter (George K.) Middle     ",2,3,1
"434",434,783,64733,6058267,665," 77.9"," 22.1",2009,"Paul Revere Middle            ",0,4,0
"435",435,793,64733,6058275,602," 65.4"," 34.6",2009,"Frost (Robert) Middle         ",0,3,0
"436",436,803,64733,6058283,482," 56.2"," 43.8",2009,"San Fernando Middle           ",1,6,1
"437",437,815,64733,6058291,636," 59.0"," 41.0",2009,"Sepulveda Middle              ",4,6,1
"438",438,823,64733,6058309,995," 57.2"," 42.8",2009,"South Gate Middle             ",2,5,1
"439",439,833,64733,6058317,758," 60.7"," 39.3",2009,"Stevenson Middle              ",6,2,1
"440",440,843,64733,6058325,488," 61.7"," 38.3",2009,"Sutter (John A.) Middle       ",4,4,1
"441",441,853,64733,6058333,443," 62.3"," 37.7",2009,"Van Nuys Middle               ",3,3,1
"442",442,863,64733,6058341,711," 58.1"," 41.9",2009,"Virgil Middle                 ",4,2,1
"443",443,873,64733,6058358,301," 56.5"," 43.5",2009,"Webster (Daniel) Middle       ",3,4,1
"444",444,883,64733,6058366,629," 65.7"," 34.3",2009,"White (Stephen) Middle        ",2,7,1
"445",445,892,64733,6058374,663," 58.7"," 41.3",2009,"Wilmington Middle             ",1,7,1
"446",446,903,64733,6058382,350," 66.9"," 33.1",2009,"Wright (Orville) Middle       ",1,4,0
"447",447,922,64733,6060495,29," 44.8"," 55.2",2009,"Banneker (Benjamin) Special Ed",NA,NA,NA
"448",448,933,64733,6060503,14," 14.3"," 85.7",2009,"Willenberg (Ernest P.) Special",NA,NA,NA
"449",449,943,64733,6060511,7,"*","*",2009,"McBride (James J.) Special Ed.",NA,NA,NA
"450",450,953,64733,6060529,20," 45.0"," 55.0",2009,"Marlton                       ",NA,NA,NA
"451",451,963,64733,6060545,12," 66.7"," 33.3",2009,"Perez (Alphonso B.) Special Ed",NA,NA,NA
"452",452,973,64733,6061394,373," 59.2"," 40.8",2009,"Audubon Middle                ",2,1,1
"453",453,983,64733,6061402,717," 56.8"," 43.2",2009,"Berendo Middle                ",6,2,1
"454",454,993,64733,6061410,703," 73.8"," 26.2",2009,"Burroughs (John) Middle       ",1,1,0
"455",455,1003,64733,6061428,398," 55.5"," 44.5",2009,"Clay (Henry) Middle           ",1,7,1
"456",456,1013,64733,6061436,643," 66.6"," 33.4",2009,"Dodson (R.S.) Middle          ",1,7,1
"457",457,1023,64733,6061444,625," 61.3"," 38.7",2009,"Edison (Thomas A.) Middle     ",3,7,1
"458",458,1033,64733,6061451,761," 62.7"," 37.3",2009,"Foshay Lrng. Ctr              ",NA,NA,NA
"459",459,1043,64733,6061469,1093," 58.8"," 41.2",2009,"Gage (Henry T.) Middle        ",7,5,1
"460",460,1053,64733,6061477,658," 82.4"," 17.6",2009,"Hale (George Ellery) Midd     ",1,3,0
"461",461,1063,64733,6061485,455," 67.5"," 32.5",2009,"Henry (Patrick) Middle        ",2,3,0
"462",462,1073,64733,6061501,563," 58.4"," 41.6",2009,"Le Conte (Joseph) Middle      ",4,4,1
"463",463,1083,64733,6061519,600," 56.2"," 43.8",2009,"Madison (James) Middle        ",6,3,1
"464",464,1093,64733,6061527,373," 60.1"," 39.9",2009,"Markham (Edwin) Middle        ",2,7,0
"465",465,1103,64733,6061535,517," 54.5"," 45.5",2009,"Johnnie Cochran, Jr., Middle  ",5,1,1
"466",466,1115,64733,6061543,756," 81.6"," 18.4",2009,"Nobel Middle                  ",0,1,0
"467",467,1123,64733,6061550,566," 64.0"," 36.0",2009,"Olive Vista Middle            ",5,6,0
"468",468,1133,64733,6061568,382," 69.9"," 30.1",2009,"Woodland Hills Academy        ",2,4,1
"469",469,1143,64733,6061576,716," 51.0"," 49.0",2009,"Peary (Robert E.) Middle      ",2,7,1
"470",470,1153,64733,6061584,607," 69.0"," 31.0",2009,"De Portola Middle             ",0,4,0
"471",471,1163,64733,6061600,520," 55.4"," 44.6",2009,"Sun Valley Middle             ",5,6,1
"472",472,1173,64733,6062699,526," 73.4"," 26.6",2009,"Reed (Walter) Middle          ",4,3,1
"473",473,1183,64733,6066294,319," 60.8"," 39.2",2009,"Curtiss Middle                ",0,7,0
"474",474,1193,64733,6068431,658," 61.6"," 38.4",2009,"El Sereno Middle              ",3,2,1
"475",475,1203,64733,6069157,29," 65.5"," 34.5",2009,"Carlson (Berenece) Home Hospit",NA,NA,NA
"476",476,1214,64733,6107064,282," 56.7"," 43.3",2009,"Pio Pico Elementary           ",NA,NA,NA
"477",477,1223,64733,6112536,146," 58.2"," 41.8",2009,"Accelerated (K-4) Charter     ",NA,NA,NA
"478",478,1233,64733,6115794,743," 57.5"," 42.5",2009,"Los Angeles Academy           ",2,7,1
"479",479,1243,64733,6118186,268," 68.3"," 31.7",2009,"Ellen Ochoa Learning Center   ",NA,NA,NA
"480",480,1262,64733,6019715,127," 56.7"," 43.3",2009,NA,NA,NA,NA
"481",481,1273,64733,6116750,102," 62.7"," 37.3",2009,NA,NA,NA,NA
"482",482,1283,64733,6117667,115," 50.4"," 49.6",2009,NA,NA,NA,NA
"483",483,1293,64733,6118194,105," 68.6"," 31.4",2009,NA,NA,NA,NA
"484",484,1301,64733,6119945,89," 61.8"," 38.2",2009,NA,NA,NA,NA
"485",485,1332,64733,101444,87," 63.2"," 36.8",2009,NA,NA,NA,NA
"486",486,1342,64733,100867,74," 64.9"," 35.1",2009,"KIPP LA College Preparatory   ",NA,NA,NA
"487",487,1352,64733,100669,79," 60.8"," 39.2",2009,NA,NA,NA,NA
"488",488,1361,64733,101683,51," 68.6"," 31.4",2009,NA,NA,NA,NA
"489",489,1371,64733,109553,106," 62.3"," 37.7",2009,NA,NA,NA,NA
"490",490,138,64733,106351,99," 75.8"," 24.2",2009,NA,NA,NA,NA
"491",491,214,64733,101311,2,"*","*",2010,"Jessie Owens Community Day    ",NA,NA,NA
"492",492,316,64733,101329,2,"*","*",2010,"Cooper Community Day          ",NA,NA,NA
"493",493,415,64733,106971,592," 64.7"," 35.3",2010,"Vista Middle                  ",6,6,1
"494",494,516,64733,106989,447," 53.2"," 46.8",2010,"Southeast Middle              ",6,5,0
"495",495,615,64733,107011,93," 50.5"," 49.5",2010,"International Studies Learning",NA,NA,NA
"496",496,171,64733,1931054,82," 59.8"," 40.2",2010,"Westside Leadership Magnet    ",NA,NA,NA
"497",497,181,64733,1931070,57," 56.1"," 43.9",2010,"Mid City Magnet               ",NA,NA,NA
"498",498,191,64733,1931658,21," 57.1"," 42.9",2010,"Lanterman (Frank D.)          ",NA,NA,NA
"499",499,202,64733,1931716,60," 63.3"," 36.7",2010,"Valley Alternative Magnet     ",NA,NA,NA
"500",500,215,64733,1932540,368," 69.8"," 30.2",2010,"Eagle Rock High               ",NA,NA,NA
"501",501,222,64733,1932847,235," 74.0"," 26.0",2010,"Center for Enriched Studies   ",NA,NA,NA
"502",502,232,64733,1932896,68," 61.8"," 38.2",2010,"Arroyo Seco                   ",NA,NA,NA
"503",503,244,64733,1933233,214," 76.6"," 23.4",2010,"Sherman Oaks Ctr.             ",NA,NA,NA
"504",504,264,64733,1996115,64," 60.9"," 39.1",2010,"City of Angels (Ind. Study)   ",NA,NA,NA
"505",505,274,64733,1996610,57," 50.9"," 49.1",2010,"Los Angeles Leadership        ",NA,NA,NA
"506",506,284,64733,1996636,41," 61.0"," 39.0",2010,"Community Harvest Charter     ",NA,NA,NA
"507",507,294,64733,1996651,39,"  5.1"," 94.9",2010,"CDS Secondary                 ",NA,NA,NA
"508",508,304,64733,6016349,94," 60.6"," 39.4",2010,"Caroldale Learning Community  ",NA,NA,NA
"509",509,317,64733,6016885,380," 62.4"," 37.6",2010,"Elizabeth Learn Ctr           ",NA,NA,NA
"510",510,323,64733,6018865,24," 66.7"," 33.3",2010,"Lull (Fred E.) Special Ed. Cen",NA,NA,NA
"511",511,334,64733,6019475,119," 55.5"," 44.5",2010,"Thirty-Second St. Perf. Arts  ",NA,NA,NA
"512",512,364,64733,6057855,478," 57.7"," 42.3",2010,"Adams (John) Middle           ",2,2,0
"513",513,374,64733,6057871,458," 60.5"," 39.5",2010,"Bancroft (H.H.) Middle        ",3,4,1
"514",514,384,64733,6057889,734," 55.7"," 44.3",2010,"Belvedere Middle              ",6,2,1
"515",515,393,64733,6057897,437," 59.7"," 40.3",2010,"Burbank (Luther) Middle       ",4,5,0
"516",516,404,64733,6057905,600," 58.0"," 42.0",2010,"Byrd (Richard E.) Middle      ",5,6,0
"517",517,416,64733,6057913,461," 61.0"," 39.0",2010,"Carnegie (Andrew) Middle      ",6,7,0
"518",518,423,64733,6057921,582," 53.4"," 46.6",2010,"Carver (G.W) Middle           ",8,5,1
"519",519,434,64733,6057939,957," 53.9"," 46.1",2010,"Nimitz (Chester W.) Middle    ",4,5,1
"520",520,444,64733,6057947,317," 62.1"," 37.9",2010,"Columbus Middle               ",3,3,1
"521",521,454,64733,6057954,587," 64.4"," 35.6",2010,"Dana (Richard Henry) Midd     ",4,7,1
"522",522,464,64733,6057962,631," 52.5"," 47.5",2010,"Drew (Charles) Middle         ",4,7,1
"523",523,474,64733,6057988,302," 68.9"," 31.1",2010,"Emerson (Ralph Waldo) Middle  ",4,4,1
"524",524,484,64733,6057996,607," 66.6"," 33.4",2010,"Fleming (Alexander) Middl     ",5,7,1
"525",525,494,64733,6058002,409," 57.2"," 42.8",2010,"Fulton (Robert) College Prep  ",NA,NA,NA
"526",526,504,64733,6058028,436," 51.1"," 48.9",2010,"Gompers (Samuel) Middle       ",5,7,0
"527",527,517,64733,6058036,617," 58.8"," 41.2",2010,"Griffith Middle               ",7,2,1
"528",528,524,64733,6058044,415," 68.4"," 31.6",2010,"Harte (Bret) Preparatory Int. ",4,1,1
"529",529,534,64733,6058051,675," 51.4"," 48.6",2010,"Hollenbeck Middle             ",NA,NA,NA
"530",530,544,64733,6058069,492," 68.1"," 31.9",2010,"Holmes Middle                 ",2,3,0
"531",531,554,64733,6058077,422," 65.2"," 34.8",2010,"Irving (Washington) Middl     ",3,5,1
"532",532,564,64733,6058085,662," 63.7"," 36.3",2010,"King Middle                   ",2,5,0
"533",533,574,64733,6058093,540," 70.0"," 30.0",2010,"Lawrence (Ernest) Middle      ",4,3,1
"534",534,584,64733,6058101,293," 52.2"," 47.8",2010,"Maclay (Charles) Middle       ",4,6,1
"535",535,594,64733,6058119,307," 46.6"," 53.4",2010,"Mann (Horace) Junior High     ",2,1,1
"536",536,604,64733,6058127,268," 59.3"," 40.7",2010,"Marina del Rey Middle         ",1,4,0
"537",537,616,64733,6058135,249," 54.6"," 45.4",2010,"Mark Twain Middle             ",2,4,0
"538",538,624,64733,6058143,679," 51.8"," 48.2",2010,"Bethune Middle                ",8,7,1
"539",539,634,64733,6058150,625," 77.3"," 22.7",2010,"Millikan Middle               ",1,3,0
"540",540,644,64733,6058168,366," 69.1"," 30.9",2010,"Mt. Gleason Middle            ",2,6,0
"541",541,654,64733,6058176,579," 58.0"," 42.0",2010,"Muir (John) Middle            ",5,1,1
"542",542,664,64733,6058184,561," 65.4"," 34.6",2010,"Mulholland Middle             ",4,3,1
"543",543,674,64733,6058192,551," 66.4"," 33.6",2010,"Nightingale Middle            ",1,5,1
"544",544,684,64733,6058200,346," 68.2"," 31.8",2010,"Northridge Middle             ",3,3,0
"545",545,694,64733,6058218,592," 60.3"," 39.7",2010,"Pacoima Middle                ",4,6,1
"546",546,704,64733,6058226,591," 74.5"," 25.5",2010,"Palms Middle                  ",2,1,1
"547",547,716,64733,6058242,590," 71.4"," 28.6",2010,"Porter (George K.) Middle     ",2,3,1
"548",548,724,64733,6058267,657," 83.4"," 16.6",2010,"Paul Revere Middle            ",0,4,0
"549",549,734,64733,6058275,591," 69.0"," 31.0",2010,"Frost (Robert) Middle         ",0,3,0
"550",550,744,64733,6058283,584," 67.0"," 33.0",2010,"San Fernando Middle           ",1,6,1
"551",551,754,64733,6058291,638," 63.9"," 36.1",2010,"Sepulveda Middle              ",4,6,1
"552",552,764,64733,6058309,865," 57.0"," 43.0",2010,"South Gate Middle             ",2,5,1
"553",553,774,64733,6058317,762," 58.8"," 41.2",2010,"Stevenson Middle              ",6,2,1
"554",554,784,64733,6058325,475," 62.3"," 37.7",2010,"Sutter (John A.) Middle       ",4,4,1
"555",555,794,64733,6058333,428," 66.4"," 33.6",2010,"Van Nuys Middle               ",3,3,1
"556",556,804,64733,6058341,576," 60.1"," 39.9",2010,"Virgil Middle                 ",4,2,1
"557",557,816,64733,6058358,270," 60.4"," 39.6",2010,"Webster (Daniel) Middle       ",3,4,1
"558",558,824,64733,6058366,594," 58.9"," 41.1",2010,"White (Stephen) Middle        ",2,7,1
"559",559,834,64733,6058374,668," 57.2"," 42.8",2010,"Wilmington Middle             ",1,7,1
"560",560,844,64733,6058382,325," 67.7"," 32.3",2010,"Wright (Orville) Middle       ",1,4,0
"561",561,854,64733,6060495,24," 41.7"," 58.3",2010,"Banneker (Benjamin) Special Ed",NA,NA,NA
"562",562,864,64733,6060511,5,"*","*",2010,"McBride (James J.) Special Ed.",NA,NA,NA
"563",563,874,64733,6060529,20," 50.0"," 50.0",2010,"Marlton                       ",NA,NA,NA
"564",564,884,64733,6060545,11," 54.5"," 45.5",2010,"Perez (Alphonso B.) Special Ed",NA,NA,NA
"565",565,893,64733,6061394,316," 64.9"," 35.1",2010,"Audubon Middle                ",2,1,1
"566",566,904,64733,6061402,632," 57.1"," 42.9",2010,"Berendo Middle                ",6,2,1
"567",567,914,64733,6061410,638," 72.7"," 27.3",2010,"Burroughs (John) Middle       ",1,1,0
"568",568,923,64733,6061428,364," 58.2"," 41.8",2010,"Clay (Henry) Middle           ",1,7,1
"569",569,934,64733,6061436,619," 73.3"," 26.7",2010,"Dodson (R.S.) Middle          ",1,7,1
"570",570,944,64733,6061444,578," 59.3"," 40.7",2010,"Edison (Thomas A.) Middle     ",3,7,1
"571",571,954,64733,6061451,698," 59.0"," 41.0",2010,"Foshay Lrng. Ctr              ",NA,NA,NA
"572",572,964,64733,6061469,1022," 54.4"," 45.6",2010,"Gage (Henry T.) Middle        ",7,5,1
"573",573,974,64733,6061477,658," 80.2"," 19.8",2010,"Hale (George Ellery) Midd     ",1,3,0
"574",574,984,64733,6061485,394," 70.3"," 29.7",2010,"Henry (Patrick) Middle        ",2,3,0
"575",575,994,64733,6061501,496," 65.1"," 34.9",2010,"Le Conte (Joseph) Middle      ",4,4,1
"576",576,1004,64733,6061519,532," 65.0"," 35.0",2010,"Madison (James) Middle        ",6,3,1
"577",577,1014,64733,6061527,429," 55.7"," 44.3",2010,"Markham (Edwin) Middle        ",2,7,0
"578",578,1024,64733,6061535,515," 60.4"," 39.6",2010,"Johnnie Cochran, Jr., Middle  ",5,1,1
"579",579,1034,64733,6061543,756," 81.5"," 18.5",2010,"Nobel Middle                  ",0,1,0
"580",580,1044,64733,6061550,538," 61.9"," 38.1",2010,"Olive Vista Middle            ",5,6,0
"581",581,1054,64733,6061568,427," 73.8"," 26.2",2010,"Woodland Hills Academy        ",2,4,1
"582",582,1064,64733,6061576,581," 57.0"," 43.0",2010,"Peary (Robert E.) Middle      ",2,7,1
"583",583,1074,64733,6061584,638," 72.7"," 27.3",2010,"De Portola Middle             ",0,4,0
"584",584,1084,64733,6061600,511," 58.5"," 41.5",2010,"Sun Valley Middle             ",5,6,1
"585",585,1094,64733,6062699,536," 73.7"," 26.3",2010,"Reed (Walter) Middle          ",4,3,1
"586",586,1104,64733,6066294,295," 64.4"," 35.6",2010,"Curtiss Middle                ",0,7,0
"587",587,1116,64733,6068431,656," 56.9"," 43.1",2010,"El Sereno Middle              ",3,2,1
"588",588,1124,64733,6069157,21," 90.5","  9.5",2010,"Carlson (Berenece) Home Hospit",NA,NA,NA
"589",589,1134,64733,6107064,265," 57.0"," 43.0",2010,"Pio Pico Elementary           ",NA,NA,NA
"590",590,1144,64733,6115794,745," 51.3"," 48.7",2010,"Los Angeles Academy           ",2,7,1
"591",591,1154,64733,6118186,266," 55.3"," 44.7",2010,"Ellen Ochoa Learning Center   ",NA,NA,NA
"592",592,1164,64733,6019715,137," 62.0"," 38.0",2010,NA,NA,NA,NA
"593",593,1174,64733,6116750,103," 65.0"," 35.0",2010,NA,NA,NA,NA
"594",594,1184,64733,6117667,114," 60.5"," 39.5",2010,NA,NA,NA,NA
"595",595,1194,64733,6118194,85," 82.4"," 17.6",2010,NA,NA,NA,NA
"596",596,1215,64733,6119945,90," 58.9"," 41.1",2010,NA,NA,NA,NA
"597",597,1252,64733,100867,87," 40.2"," 59.8",2010,"KIPP LA College Preparatory   ",NA,NA,NA
"598",598,1263,64733,100669,104," 57.7"," 42.3",2010,NA,NA,NA,NA
"599",599,1274,64733,100776,30," 63.3"," 36.7",2010,"North Valley Charter          ",NA,NA,NA
"600",600,1284,64733,101683,89," 69.7"," 30.3",2010,NA,NA,NA,NA
"601",601,1294,64733,101634,75," 57.3"," 42.7",2010,"CHIME Middle Charter          ",5,0,NA
"602",602,131,64733,106351,121," 74.4"," 25.6",2010,NA,NA,NA,NA
"603",603,1372,64733,109884,87," 57.5"," 42.5",2010,"James Jordan Middle           ",2,3,0
"604",604,1100,64733,6016141,63," 44.4","55.6",2011,"Brooklyn Avenue Elementary    ",NA,NA,NA
"605",605,2100,64733,1996651,20," 25.0","75",2011,"CDS Secondary                 ",NA,NA,NA
"606",606,389,64733,109934,50," 54.0","46",2011,"Our Community Charter         ",NA,NA,NA
"607",607,417,64733,112011,291," 37.1","62.9",2011,"William Jefferson Clinton Midd",NA,NA,NA
"608",608,518,64733,1931716,62," 53.2","46.8",2011,"Valley Alternative Magnet     ",NA,NA,NA
"609",609,617,64733,119735,329," 41.3","58.7",2011,NA,NA,NA,NA
"610",610,717,64733,102137,1,"**",NA,2011,"Aggeler Community Day         ",NA,NA,NA
"611",611,817,64733,101329,4,"**",NA,2011,"Cooper Community Day          ",NA,NA,NA
"612",612,915,64733,106989,421," 41.6","58.4",2011,"Southeast Middle              ",6,5,0
"613",613,1015,64733,6016885,148," 52.0","48",2011,"Elizabeth Learn Ctr           ",NA,NA,NA
"614",614,1117,64733,6017818,74," 56.8","43.2",2011,"Laurel Elementary             ",NA,NA,NA
"615",615,1216,64733,6057939,665," 48.4","51.6",2011,"Nimitz (Chester W.) Middle    ",4,5,1
"616",616,1310,64733,6058309,860," 40.7","59.3",2011,"South Gate Middle             ",2,5,1
"617",617,1410,64733,6058317,679," 45.1","54.9",2011,"Stevenson Middle              ",6,2,1
"618",618,1510,64733,6058325,458," 50.2","49.8",2011,"Sutter (John A.) Middle       ",4,4,1
"619",619,1610,64733,6058333,451," 46.1","53.9",2011,"Van Nuys Middle               ",3,3,1
"620",620,1710,64733,6058341,378," 39.2","60.8",2011,"Virgil Middle                 ",4,2,1
"621",621,1810,64733,6058358,216," 46.8","53.2",2011,"Webster (Daniel) Middle       ",3,4,1
"622",622,1910,64733,6058366,644," 46.9","53.1",2011,"White (Stephen) Middle        ",2,7,1
"623",623,2010,64733,6058374,622," 40.7","59.3",2011,"Wilmington Middle             ",1,7,1
"624",624,2110,64733,6060487,6,"**",NA,2011,"Blend (Frances) Special Ed. Ce",NA,NA,NA
"625",625,2210,64733,6060495,14," 50.0","50",2011,"Banneker (Benjamin) Special Ed",NA,NA,NA
"626",626,2310,64733,6060503,21," 61.9","38.1",2011,"Willenberg (Ernest P.) Special",NA,NA,NA
"627",627,2410,64733,6060511,6,"**",NA,2011,"McBride (James J.) Special Ed.",NA,NA,NA
"628",628,2510,64733,6115794,598," 43.5","56.5",2011,"Los Angeles Academy           ",2,7,1
"629",629,2610,64733,6118186,232," 44.8","55.2",2011,"Ellen Ochoa Learning Center   ",NA,NA,NA
"630",630,2710,64733,6016349,94," 42.6","57.4",2011,"Caroldale Learning Community  ",NA,NA,NA
"631",631,2810,64733,1996636,26," 46.2","53.8",2011,"Community Harvest Charter     ",NA,NA,NA
"632",632,2910,64733,1932896,65," 50.8","49.2",2011,"Arroyo Seco                   ",NA,NA,NA
"633",633,3010,64733,1931054,83," 47.0","53",2011,"Westside Leadership Magnet    ",NA,NA,NA
"634",634,3110,64733,1937085,3,"**",NA,2011,"Ramona Opportunity High       ",NA,NA,NA
"635",635,3210,64733,1930064,8,"**",NA,2011,"Aggeler (William Tell) Op     ",NA,NA,NA
"636",636,3310,64733,106971,504," 45.2","54.8",2011,"Vista Middle                  ",6,6,1
"637",637,3410,64733,119701,158," 43.0","57",2011,NA,NA,NA,NA
"638",638,3510,64733,1932540,380," 54.7","45.3",2011,"Eagle Rock High               ",NA,NA,NA
"639",639,3610,64733,1931658,19," 36.8","63.2",2011,"Lanterman (Frank D.)          ",NA,NA,NA
"640",640,3710,64733,122416,452," 37.2","62.8",2011,NA,NA,NA,NA
"641",641,3810,64733,6058002,371," 43.1","56.9",2011,"Fulton (Robert) College Prep  ",NA,NA,NA
"642",642,394,64733,6058028,278," 30.6","69.4",2011,"Gompers (Samuel) Middle       ",5,7,0
"643",643,405,64733,6058036,508," 39.4","60.6",2011,"Griffith Middle               ",7,2,1
"644",644,418,64733,6107064,204," 46.1","53.9",2011,"Pio Pico Elementary           ",NA,NA,NA
"645",645,424,64733,1933233,226," 55.8","44.2",2011,"Sherman Oaks Ctr.             ",NA,NA,NA
"646",646,435,64733,119693,72," 50.0","50",2011,NA,NA,NA,NA
"647",647,445,64733,122390,161," 40.4","59.6",2011,NA,NA,NA,NA
"648",648,455,64733,1996115,36," 50.0","50",2011,"City of Angels (Ind. Study)   ",NA,NA,NA
"649",649,465,64733,117044,405," 44.9","55.1",2011,NA,NA,NA,NA
"650",650,475,64733,1931070,38," 47.4","52.6",2011,"Mid City Magnet               ",NA,NA,NA
"651",651,485,64733,117895,160," 45.0","55",2011,NA,NA,NA,NA
"652",652,495,64733,119685,81," 50.6","49.4",2011,NA,NA,NA,NA
"653",653,505,64733,124446,105," 36.2","63.8",2011,NA,NA,NA,NA
"654",654,519,64733,107011,145," 38.6","61.4",2011,"International Studies Learning",NA,NA,NA
"655",655,525,64733,1,120," 50.8","49.2",2011,"District Students in NPS      ",NA,NA,NA
"656",656,535,64733,6017297,34," 47.1","52.9",2011,"Glen Alta Elementary          ",NA,NA,NA
"657",657,545,64733,6017917,53," 37.7","62.3",2011,"Logan Street Elementary       ",NA,NA,NA
"658",658,555,64733,6018865,13," 23.1","76.9",2011,"Lull (Fred E.) Special Ed. Cen",NA,NA,NA
"659",659,565,64733,6019475,132," 47.0","53",2011,"Thirty-Second St. Perf. Arts  ",NA,NA,NA
"660",660,575,64733,6019632,67," 34.3","65.7",2011,"Utah Street Elementary        ",NA,NA,NA
"661",661,585,64733,6057855,373," 50.9","49.1",2011,"Adams (John) Middle           ",2,2,0
"662",662,595,64733,6057871,322," 48.1","51.9",2011,"Bancroft (H.H.) Middle        ",3,4,1
"663",663,605,64733,6057889,645," 42.8","57.2",2011,"Belvedere Middle              ",6,2,1
"664",664,618,64733,6057897,381," 47.0","53",2011,"Burbank (Luther) Middle       ",4,5,0
"665",665,625,64733,6057905,259," 46.3","53.7",2011,"Byrd (Richard E.) Middle      ",5,6,0
"666",666,635,64733,6057913,366," 48.9","51.1",2011,"Carnegie (Andrew) Middle      ",6,7,0
"667",667,645,64733,6058077,265," 55.1","44.9",2011,"Irving (Washington) Middl     ",3,5,1
"668",668,655,64733,6058085,606," 50.8","49.2",2011,"King Middle                   ",2,5,0
"669",669,665,64733,6058093,562," 59.1","40.9",2011,"Lawrence (Ernest) Middle      ",4,3,1
"670",670,675,64733,6058101,305," 33.8","66.2",2011,"Maclay (Charles) Middle       ",4,6,1
"671",671,685,64733,6058119,171," 33.3","66.7",2011,"Mann (Horace) Junior High     ",2,1,1
"672",672,695,64733,6058127,305," 46.9","53.1",2011,"Marina del Rey Middle         ",1,4,0
"673",673,705,64733,6058135,232," 45.7","54.3",2011,"Mark Twain Middle             ",2,4,0
"674",674,718,64733,6058143,611," 43.9","56.1",2011,"Bethune Middle                ",8,7,1
"675",675,725,64733,6058150,668," 67.5","32.5",2011,"Millikan Middle               ",1,3,0
"676",676,735,64733,6058168,369," 49.3","50.7",2011,"Mt. Gleason Middle            ",2,6,0
"677",677,745,64733,6058176,407," 33.4","66.6",2011,"Muir (John) Middle            ",5,1,1
"678",678,755,64733,6058184,531," 48.8","51.2",2011,"Mulholland Middle             ",4,3,1
"679",679,765,64733,6058192,381," 48.6","51.4",2011,"Nightingale Middle            ",1,5,1
"680",680,775,64733,6058382,244," 55.7","44.3",2011,"Wright (Orville) Middle       ",1,4,0
"681",681,785,64733,6057921,358," 40.8","59.2",2011,"Carver (G.W) Middle           ",8,5,1
"682",682,795,64733,6060586,14," 57.1","42.9",2011,"Salvin (Sophia T.) Special Ed.",NA,NA,NA
"683",683,805,64733,6061394,238," 43.7","56.3",2011,"Audubon Middle                ",2,1,1
"684",684,818,64733,6061402,409," 47.7","52.3",2011,"Berendo Middle                ",6,2,1
"685",685,825,64733,6061410,670," 52.8","47.2",2011,"Burroughs (John) Middle       ",1,1,0
"686",686,835,64733,6061436,610," 52.0","48",2011,"Dodson (R.S.) Middle          ",1,7,1
"687",687,845,64733,6061444,608," 42.9","57.1",2011,"Edison (Thomas A.) Middle     ",3,7,1
"688",688,855,64733,6061451,411," 44.3","55.7",2011,"Foshay Lrng. Ctr              ",NA,NA,NA
"689",689,865,64733,6061568,417," 61.6","38.4",2011,"Woodland Hills Academy        ",2,4,1
"690",690,875,64733,6061576,622," 44.7","55.3",2011,"Peary (Robert E.) Middle      ",2,7,1
"691",691,885,64733,6061584,614," 60.3","39.7",2011,"De Portola Middle             ",0,4,0
"692",692,894,64733,6061600,421," 38.5","61.5",2011,"Sun Valley Middle             ",5,6,1
"693",693,905,64733,114199,439," 40.1","59.9",2011,"John H. Liechty Middle        ",NA,NA,NA
"694",694,916,64733,124529,125," 39.2","60.8",2011,NA,NA,NA,NA
"695",695,924,64733,122408,154," 42.2","57.8",2011,NA,NA,NA,NA
"696",696,935,64733,112060,79," 68.4","31.6",2011,"Hesby Oaks                    ",NA,NA,NA
"697",697,945,64733,1932847,243," 60.9","39.1",2011,"Center for Enriched Studies   ",NA,NA,NA
"698",698,955,64733,124453,100," 36.0","64",2011,NA,NA,NA,NA
"699",699,965,64733,121095,70," 47.1","52.9",2011,NA,NA,NA,NA
"700",700,975,64733,6057947,267," 41.9","58.1",2011,"Columbus Middle               ",3,3,1
"701",701,985,64733,6057954,568," 52.5","47.5",2011,"Dana (Richard Henry) Midd     ",4,7,1
"702",702,995,64733,6057962,496," 41.5","58.5",2011,"Drew (Charles) Middle         ",4,7,1
"703",703,1005,64733,6057988,273," 56.8","43.2",2011,"Emerson (Ralph Waldo) Middle  ",4,4,1
"704",704,1016,64733,6058044,357," 35.6","64.4",2011,"Harte (Bret) Preparatory Int. ",4,1,1
"705",705,1025,64733,6058051,566," 40.8","59.2",2011,"Hollenbeck Middle             ",NA,NA,NA
"706",706,1035,64733,6058200,268," 48.9","51.1",2011,"Northridge Middle             ",3,3,0
"707",707,1045,64733,6058218,538," 42.6","57.4",2011,"Pacoima Middle                ",4,6,1
"708",708,1055,64733,6058226,601," 58.6","41.4",2011,"Palms Middle                  ",2,1,1
"709",709,1065,64733,6058242,555," 56.6","43.4",2011,"Porter (George K.) Middle     ",2,3,1
"710",710,1075,64733,6058267,686," 71.4","28.6",2011,"Paul Revere Middle            ",0,4,0
"711",711,1085,64733,6058275,513," 58.9","41.1",2011,"Frost (Robert) Middle         ",0,3,0
"712",712,1095,64733,6058283,465," 44.7","55.3",2011,"San Fernando Middle           ",1,6,1
"713",713,1105,64733,6058069,543," 54.0","46",2011,"Holmes Middle                 ",2,3,0
"714",714,1118,64733,6061469,919," 42.9","57.1",2011,"Gage (Henry T.) Middle        ",7,5,1
"715",715,1125,64733,6061477,608," 68.6","31.4",2011,"Hale (George Ellery) Midd     ",1,3,0
"716",716,1135,64733,6061485,381," 54.1","45.9",2011,"Henry (Patrick) Middle        ",2,3,0
"717",717,1145,64733,6061501,348," 37.9","62.1",2011,"Le Conte (Joseph) Middle      ",4,4,1
"718",718,1155,64733,6061519,486," 47.3","52.7",2011,"Madison (James) Middle        ",6,3,1
"719",719,1165,64733,6061527,356," 40.7","59.3",2011,"Markham (Edwin) Middle        ",2,7,0
"720",720,1175,64733,6061535,383," 42.8","57.2",2011,"Johnnie Cochran, Jr., Middle  ",5,1,1
"721",721,1185,64733,6061543,803," 60.9","39.1",2011,"Nobel Middle                  ",0,1,0
"722",722,1195,64733,6061550,477," 43.4","56.6",2011,"Olive Vista Middle            ",5,6,0
"723",723,1204,64733,6057996,557," 52.4","47.6",2011,"Fleming (Alexander) Middl     ",5,7,1
"724",724,1217,64733,6062699,553," 56.4","43.6",2011,"Reed (Walter) Middle          ",4,3,1
"725",725,1224,64733,6066294,255," 45.9","54.1",2011,"Curtiss Middle                ",0,7,0
"726",726,1234,64733,6068431,599," 46.9","53.1",2011,"El Sereno Middle              ",3,2,1
"727",727,1244,64733,6069157,21," 38.1","61.9",2011,"Carlson (Berenece) Home Hospit",NA,NA,NA
"728",728,1253,64733,6058291,508," 49.6","50.4",2011,"Sepulveda Middle              ",4,6,1
"729",729,1264,64733,102764,1,"**",NA,2012,"Johnson Community Day         ",NA,NA,NA
"730",730,1275,64733,114199,426," 37.8","62.2",2012,"John H. Liechty Middle        ",NA,NA,NA
"731",731,1285,64733,124446,175," 50.9","49.1",2012,NA,NA,NA,NA
"732",732,1295,64733,125971,142," 48.6","51.4",2012,NA,NA,NA,NA
"733",733,1302,64733,1931054,77," 48.1","51.9",2012,"Westside Leadership Magnet    ",NA,NA,NA
"734",734,1311,64733,6016141,57," 43.9","56.1",2012,"Brooklyn Avenue Elementary    ",NA,NA,NA
"735",735,1322,64733,6019475,120," 42.5","57.5",2012,"Thirty-Second St. Perf. Arts  ",NA,NA,NA
"736",736,1333,64733,6057855,306," 42.2","57.8",2012,"Adams (John) Middle           ",2,2,0
"737",737,1343,64733,6057871,352," 48.3","51.7",2012,"Bancroft (H.H.) Middle        ",3,4,1
"738",738,1353,64733,6057889,565," 45.0","55",2012,"Belvedere Middle              ",6,2,1
"739",739,1362,64733,6057897,416," 44.0","56",2012,"Burbank (Luther) Middle       ",4,5,0
"740",740,1373,64733,6057905,555," 38.2","61.8",2012,"Byrd (Richard E.) Middle      ",5,6,0
"741",741,1381,64733,6058226,540," 56.3","43.7",2012,"Palms Middle                  ",2,1,1
"742",742,1391,64733,6058242,576," 56.1","43.9",2012,"Porter (George K.) Middle     ",2,3,1
"743",743,140,64733,6058267,680," 64.0","36",2012,"Paul Revere Middle            ",0,4,0
"744",744,1411,64733,6058275,521," 55.1","44.9",2012,"Frost (Robert) Middle         ",0,3,0
"745",745,142,64733,6058283,327," 37.0","63",2012,"San Fernando Middle           ",1,6,1
"746",746,143,64733,6058291,546," 47.1","52.9",2012,"Sepulveda Middle              ",4,6,1
"747",747,144,64733,6058309,803," 48.3","51.7",2012,"South Gate Middle             ",2,5,1
"748",748,145,64733,6058317,652," 47.4","52.6",2012,"Stevenson Middle              ",6,2,1
"749",749,146,64733,6115794,585," 46.0","54",2012,"Los Angeles Academy           ",2,7,1
"750",750,147,64733,6118186,243," 46.1","53.9",2012,"Ellen Ochoa Learning Center   ",NA,NA,NA
"751",751,148,64733,109322,4,"**",NA,2012,"Pacific Boulevard             ",NA,NA,NA
"752",752,149,64733,117044,418," 46.9","53.1",2012,NA,NA,NA,NA
"753",753,150,64733,121095,90," 54.4","45.6",2012,NA,NA,NA,NA
"754",754,151,64733,122390,190," 44.2","55.8",2012,NA,NA,NA,NA
"755",755,152,64733,122408,183," 42.1","57.9",2012,NA,NA,NA,NA
"756",756,153,64733,122416,222," 31.5","68.5",2012,NA,NA,NA,NA
"757",757,154,64733,126581,132," 58.3","41.7",2012,NA,NA,NA,NA
"758",758,155,64733,126599,73," 47.9","52.1",2012,NA,NA,NA,NA
"759",759,156,64733,126607,42," 54.8","45.2",2012,NA,NA,NA,NA
"760",760,157,64733,1931658,24," 70.8","29.2",2012,"Lanterman (Frank D.)          ",NA,NA,NA
"761",761,158,64733,1931716,56," 50.0","50",2012,"Valley Alternative Magnet     ",NA,NA,NA
"762",762,159,64733,6016349,88," 52.3","47.7",2012,"Caroldale Learning Community  ",NA,NA,NA
"763",763,160,64733,6017818,67," 56.7","43.3",2012,"Laurel Elementary             ",NA,NA,NA
"764",764,1611,64733,6018865,27," 37.0","63",2012,"Lull (Fred E.) Special Ed. Cen",NA,NA,NA
"765",765,162,64733,6057913,245," 42.0","58",2012,"Carnegie (Andrew) Middle      ",6,7,0
"766",766,163,64733,6057921,349," 41.0","59",2012,"Carver (G.W) Middle           ",8,5,1
"767",767,164,64733,6057939,679," 46.4","53.6",2012,"Nimitz (Chester W.) Middle    ",4,5,1
"768",768,165,64733,6057947,281," 44.1","55.9",2012,"Columbus Middle               ",3,3,1
"769",769,166,64733,6057954,541," 52.5","47.5",2012,"Dana (Richard Henry) Midd     ",4,7,1
"770",770,167,64733,6057962,508," 34.1","65.9",2012,"Drew (Charles) Middle         ",4,7,1
"771",771,168,64733,6057988,227," 51.5","48.5",2012,"Emerson (Ralph Waldo) Middle  ",4,4,1
"772",772,169,64733,6057996,548," 44.5","55.5",2012,"Fleming (Alexander) Middl     ",5,7,1
"773",773,170,64733,6058002,389," 42.7","57.3",2012,"Fulton (Robert) College Prep  ",NA,NA,NA
"774",774,1711,64733,6058028,278," 51.4","48.6",2012,"Gompers (Samuel) Middle       ",5,7,0
"775",775,172,64733,6058036,555," 42.2","57.8",2012,"Griffith Middle               ",7,2,1
"776",776,173,64733,6058044,311," 34.4","65.6",2012,"Harte (Bret) Preparatory Int. ",4,1,1
"777",777,174,64733,6058051,572," 44.2","55.8",2012,"Hollenbeck Middle             ",NA,NA,NA
"778",778,175,64733,6058069,519," 53.6","46.4",2012,"Holmes Middle                 ",2,3,0
"779",779,176,64733,6058077,273," 45.4","54.6",2012,"Irving (Washington) Middl     ",3,5,1
"780",780,177,64733,6058325,435," 47.4","52.6",2012,"Sutter (John A.) Middle       ",4,4,1
"781",781,178,64733,6058333,447," 48.8","51.2",2012,"Van Nuys Middle               ",3,3,1
"782",782,179,64733,6058341,373," 46.1","53.9",2012,"Virgil Middle                 ",4,2,1
"783",783,180,64733,6058358,238," 50.8","49.2",2012,"Webster (Daniel) Middle       ",3,4,1
"784",784,1811,64733,6058366,636," 52.5","47.5",2012,"White (Stephen) Middle        ",2,7,1
"785",785,182,64733,6058374,536," 40.5","59.5",2012,"Wilmington Middle             ",1,7,1
"786",786,183,64733,6058382,217," 56.2","43.8",2012,"Wright (Orville) Middle       ",1,4,0
"787",787,184,64733,6060495,20," 40.0","60",2012,"Banneker (Benjamin) Special Ed",NA,NA,NA
"788",788,185,64733,6060503,13," 53.8","46.2",2012,"Willenberg (Ernest P.) Special",NA,NA,NA
"789",789,186,64733,6060511,13," 53.8","46.2",2012,"McBride (James J.) Special Ed.",NA,NA,NA
"790",790,187,64733,6060529,15," 46.7","53.3",2012,"Marlton                       ",NA,NA,NA
"791",791,188,64733,6060545,21," 61.9","38.1",2012,"Perez (Alphonso B.) Special Ed",NA,NA,NA
"792",792,189,64733,6061535,347," 36.9","63.1",2012,"Johnnie Cochran, Jr., Middle  ",5,1,1
"793",793,190,64733,6061543,834," 58.3","41.7",2012,"Nobel Middle                  ",0,1,0
"794",794,1911,64733,6061550,409," 49.6","50.4",2012,"Olive Vista Middle            ",5,6,0
"795",795,192,64733,6061568,403," 60.5","39.5",2012,"Woodland Hills Academy        ",2,4,1
"796",796,193,64733,6061576,531," 43.5","56.5",2012,"Peary (Robert E.) Middle      ",2,7,1
"797",797,194,64733,6061584,593," 57.2","42.8",2012,"De Portola Middle             ",0,4,0
"798",798,195,64733,6061600,339," 41.0","59",2012,"Sun Valley Middle             ",5,6,1
"799",799,196,64733,6062699,558," 62.7","37.3",2012,"Reed (Walter) Middle          ",4,3,1
"800",800,197,64733,101329,1,"**",NA,2012,"Cooper Community Day          ",NA,NA,NA
"801",801,198,64733,106971,497," 38.8","61.2",2012,"Vista Middle                  ",6,6,1
"802",802,199,64733,106989,484," 48.1","51.9",2012,"Southeast Middle              ",6,5,0
"803",803,200,64733,107011,138," 43.5","56.5",2012,"International Studies Learning",NA,NA,NA
"804",804,2011,64733,119685,84," 34.5","65.5",2012,NA,NA,NA,NA
"805",805,2021,64733,119693,58," 43.1","56.9",2012,NA,NA,NA,NA
"806",806,203,64733,119701,181," 39.8","60.2",2012,NA,NA,NA,NA
"807",807,204,64733,119735,259," 35.9","64.1",2012,NA,NA,NA,NA
"808",808,205,64733,124453,163," 52.8","47.2",2012,NA,NA,NA,NA
"809",809,206,64733,124529,99," 26.3","73.7",2012,NA,NA,NA,NA
"810",810,207,64733,126458,182," 43.4","56.6",2012,NA,NA,NA,NA
"811",811,208,64733,126466,179," 41.3","58.7",2012,NA,NA,NA,NA
"812",812,209,64733,1933233,226," 61.9","38.1",2012,"Sherman Oaks Ctr.             ",NA,NA,NA
"813",813,2101,64733,1996073,1,"**",NA,2012,"Tri-C Community Day           ",NA,NA,NA
"814",814,2111,64733,1996115,45," 55.6","44.4",2012,"City of Angels (Ind. Study)   ",NA,NA,NA
"815",815,2121,64733,1996651,21," 28.6","71.4",2012,"CDS Secondary                 ",NA,NA,NA
"816",816,2131,64733,6017917,53," 17.0","83",2012,"Logan Street Elementary       ",NA,NA,NA
"817",817,2141,64733,6019632,60," 53.3","46.7",2012,"Utah Street Elementary        ",NA,NA,NA
"818",818,2151,64733,1,169," 31.4","68.6",2012,"District Students in NPS      ",NA,NA,NA
"819",819,216,64733,109934,51," 51.0","49",2012,"Our Community Charter         ",NA,NA,NA
"820",820,217,64733,112011,268," 36.9","63.1",2012,"William Jefferson Clinton Midd",NA,NA,NA
"821",821,218,64733,112060,71," 60.6","39.4",2012,"Hesby Oaks                    ",NA,NA,NA
"822",822,219,64733,117895,155," 51.0","49",2012,NA,NA,NA,NA
"823",823,220,64733,1932540,410," 59.0","41",2012,"Eagle Rock High               ",NA,NA,NA
"824",824,2211,64733,1932847,238," 64.3","35.7",2012,"Center for Enriched Studies   ",NA,NA,NA
"825",825,2221,64733,1932896,59," 45.8","54.2",2012,"Arroyo Seco                   ",NA,NA,NA
"826",826,223,64733,1935717,2,"**",NA,2012,"Miller (Joaquin)              ",NA,NA,NA
"827",827,224,64733,6016885,115," 55.7","44.3",2012,"Elizabeth Learn Ctr           ",NA,NA,NA
"828",828,225,64733,6017297,25," 44.0","56",2012,"Glen Alta Elementary          ",NA,NA,NA
"829",829,226,64733,6058085,568," 52.6","47.4",2012,"King Middle                   ",2,5,0
"830",830,227,64733,6058093,521," 58.7","41.3",2012,"Lawrence (Ernest) Middle      ",4,3,1
"831",831,228,64733,6058101,285," 43.9","56.1",2012,"Maclay (Charles) Middle       ",4,6,1
"832",832,229,64733,6058119,139," 41.7","58.3",2012,"Mann (Horace) Junior High     ",2,1,1
"833",833,230,64733,6058127,216," 53.2","46.8",2012,"Marina del Rey Middle         ",1,4,0
"834",834,2311,64733,6058135,232," 43.1","56.9",2012,"Mark Twain Middle             ",2,4,0
"835",835,2321,64733,6058143,659," 33.8","66.2",2012,"Bethune Middle                ",8,7,1
"836",836,233,64733,6058168,375," 50.4","49.6",2012,"Mt. Gleason Middle            ",2,6,0
"837",837,234,64733,6058176,341," 40.5","59.5",2012,"Muir (John) Middle            ",5,1,1
"838",838,235,64733,6058184,456," 46.1","53.9",2012,"Mulholland Middle             ",4,3,1
"839",839,236,64733,6058192,331," 42.9","57.1",2012,"Nightingale Middle            ",1,5,1
"840",840,237,64733,6058200,278," 46.0","54",2012,"Northridge Middle             ",3,3,0
"841",841,238,64733,6058218,535," 39.1","60.9",2012,"Pacoima Middle                ",4,6,1
"842",842,239,64733,6061394,252," 41.3","58.7",2012,"Audubon Middle                ",2,1,1
"843",843,240,64733,6061402,391," 41.7","58.3",2012,"Berendo Middle                ",6,2,1
"844",844,2411,64733,6061410,657," 49.6","50.4",2012,"Burroughs (John) Middle       ",1,1,0
"845",845,2421,64733,6061436,662," 51.5","48.5",2012,"Dodson (R.S.) Middle          ",1,7,1
"846",846,2431,64733,6061444,591," 38.7","61.3",2012,"Edison (Thomas A.) Middle     ",3,7,1
"847",847,2441,64733,6061451,362," 40.6","59.4",2012,"Foshay Lrng. Ctr              ",NA,NA,NA
"848",848,245,64733,6061469,711," 39.7","60.3",2012,"Gage (Henry T.) Middle        ",7,5,1
"849",849,246,64733,6061477,637," 72.5","27.5",2012,"Hale (George Ellery) Midd     ",1,3,0
"850",850,247,64733,6061485,314," 52.5","47.5",2012,"Henry (Patrick) Middle        ",2,3,0
"851",851,248,64733,6061501,385," 41.0","59",2012,"Le Conte (Joseph) Middle      ",4,4,1
"852",852,249,64733,6061519,570," 44.2","55.8",2012,"Madison (James) Middle        ",6,3,1
"853",853,250,64733,6061527,369," 36.0","64",2012,"Markham (Edwin) Middle        ",2,7,0
"854",854,2511,64733,6066294,216," 47.2","52.8",2012,"Curtiss Middle                ",0,7,0
"855",855,2521,64733,6068431,530," 40.9","59.1",2012,"El Sereno Middle              ",3,2,1
"856",856,2531,64733,6069157,17," 52.9","47.1",2012,"Carlson (Berenece) Home Hospit",NA,NA,NA
"857",857,254,64733,6107064,216," 44.4","55.6",2012,"Pio Pico Elementary           ",NA,NA,NA
"858",858,255,64733,1,163," 42.9","57.1",2013,"District Students in NPS      ",NA,NA,NA
"859",859,256,64733,112011,297," 53.9","46.1",2013,"William Jefferson Clinton Midd",NA,NA,NA
"860",860,257,64733,122416,297," 44.8","55.2",2013,NA,NA,NA,NA
"861",861,258,64733,124446,179," 53.1","46.9",2013,NA,NA,NA,NA
"862",862,259,64733,124453,171," 52.6","47.4",2013,NA,NA,NA,NA
"863",863,260,64733,124529,113," 39.8","60.2",2013,NA,NA,NA,NA
"864",864,2611,64733,125971,137," 56.9","43.1",2013,NA,NA,NA,NA
"865",865,2621,64733,1931054,80," 46.2","53.8",2013,"Westside Leadership Magnet    ",NA,NA,NA
"866",866,2631,64733,1932540,393," 62.3","37.7",2013,"Eagle Rock High               ",NA,NA,NA
"867",867,2641,64733,1932847,239," 61.9","38.1",2013,"Center for Enriched Studies   ",NA,NA,NA
"868",868,265,64733,1932896,64," 59.4","40.6",2013,"Arroyo Seco                   ",NA,NA,NA
"869",869,266,64733,1937085,2,"**",NA,2013,"Ramona Opportunity High       ",NA,NA,NA
"870",870,267,64733,6016141,60," 48.3","51.7",2013,"Brooklyn Avenue Elementary    ",NA,NA,NA
"871",871,268,64733,6016349,92," 51.1","48.9",2013,"Caroldale Learning Community  ",NA,NA,NA
"872",872,269,64733,6016679,1,"**",NA,2013,"Dena (Christopher) Elem.      ",NA,NA,NA
"873",873,270,64733,6017297,28," 42.9","57.1",2013,"Glen Alta Elementary          ",NA,NA,NA
"874",874,2711,64733,6017917,52," 34.6","65.4",2013,"Logan Street Elementary       ",NA,NA,NA
"875",875,2721,64733,6019632,65," 52.3","47.7",2013,"Utah Street Elementary        ",NA,NA,NA
"876",876,2731,64733,6057921,368," 49.5","50.5",2013,"Carver (G.W) Middle           ",8,5,1
"877",877,2741,64733,6057939,681," 51.2","48.8",2013,"Nimitz (Chester W.) Middle    ",4,5,1
"878",878,275,64733,6057947,275," 52.7","47.3",2013,"Columbus Middle               ",3,3,1
"879",879,276,64733,6057954,552," 58.3","41.7",2013,"Dana (Richard Henry) Midd     ",4,7,1
"880",880,277,64733,6057962,449," 43.2","56.8",2013,"Drew (Charles) Middle         ",4,7,1
"881",881,278,64733,6057988,182," 58.2","41.8",2013,"Emerson (Ralph Waldo) Middle  ",4,4,1
"882",882,279,64733,6057996,491," 53.4","46.6",2013,"Fleming (Alexander) Middl     ",5,7,1
"883",883,280,64733,6058002,315," 40.3","59.7",2013,"Fulton (Robert) College Prep  ",NA,NA,NA
"884",884,2811,64733,6058028,245," 36.7","63.3",2013,"Gompers (Samuel) Middle       ",5,7,0
"885",885,2821,64733,6058036,527," 49.0","51",2013,"Griffith Middle               ",7,2,1
"886",886,2831,64733,6058044,299," 43.8","56.2",2013,"Harte (Bret) Preparatory Int. ",4,1,1
"887",887,2841,64733,6058051,522," 43.7","56.3",2013,"Hollenbeck Middle             ",NA,NA,NA
"888",888,285,64733,6058069,531," 61.4","38.6",2013,"Holmes Middle                 ",2,3,0
"889",889,286,64733,6058184,432," 49.5","50.5",2013,"Mulholland Middle             ",4,3,1
"890",890,287,64733,6058192,267," 49.4","50.6",2013,"Nightingale Middle            ",1,5,1
"891",891,288,64733,6058200,282," 57.4","42.6",2013,"Northridge Middle             ",3,3,0
"892",892,289,64733,6058218,482," 47.9","52.1",2013,"Pacoima Middle                ",4,6,1
"893",893,290,64733,6058226,476," 60.9","39.1",2013,"Palms Middle                  ",2,1,1
"894",894,2911,64733,6058242,561," 67.2","32.8",2013,"Porter (George K.) Middle     ",2,3,1
"895",895,2921,64733,6058267,696," 71.6","28.4",2013,"Paul Revere Middle            ",0,4,0
"896",896,2931,64733,6058275,503," 62.4","37.6",2013,"Frost (Robert) Middle         ",0,3,0
"897",897,2941,64733,6058283,272," 53.3","46.7",2013,"San Fernando Middle           ",1,6,1
"898",898,295,64733,6058291,581," 47.3","52.7",2013,"Sepulveda Middle              ",4,6,1
"899",899,296,64733,6058309,787," 46.1","53.9",2013,"South Gate Middle             ",2,5,1
"900",900,297,64733,6058317,599," 51.6","48.4",2013,"Stevenson Middle              ",6,2,1
"901",901,298,64733,6058325,390," 47.4","52.6",2013,"Sutter (John A.) Middle       ",4,4,1
"902",902,299,64733,6058333,415," 51.1","48.9",2013,"Van Nuys Middle               ",3,3,1
"903",903,300,64733,6061543,860," 68.0","32",2013,"Nobel Middle                  ",0,1,0
"904",904,3011,64733,6061550,371," 57.1","42.9",2013,"Olive Vista Middle            ",5,6,0
"905",905,3021,64733,6061568,382," 51.3","48.7",2013,"Woodland Hills Academy        ",2,4,1
"906",906,3031,64733,6061576,491," 54.4","45.6",2013,"Peary (Robert E.) Middle      ",2,7,1
"907",907,3041,64733,6061584,601," 61.7","38.3",2013,"De Portola Middle             ",0,4,0
"908",908,305,64733,6061600,324," 49.7","50.3",2013,"Sun Valley Middle             ",5,6,1
"909",909,306,64733,6062699,541," 70.1","29.9",2013,"Reed (Walter) Middle          ",4,3,1
"910",910,307,64733,6066294,218," 50.5","49.5",2013,"Curtiss Middle                ",0,7,0
"911",911,308,64733,6068431,517," 53.6","46.4",2013,"El Sereno Middle              ",3,2,1
"912",912,309,64733,6069157,15," 66.7","33.3",2013,"Carlson (Berenece) Home Hospit",NA,NA,NA
"913",913,3101,64733,6115794,566," 49.8","50.2",2013,"Los Angeles Academy           ",2,7,1
"914",914,3111,64733,102764,1,"**",NA,2013,"Johnson Community Day         ",NA,NA,NA
"915",915,3121,64733,107011,138," 49.3","50.7",2013,"International Studies Learning",NA,NA,NA
"916",916,3131,64733,112060,82," 78.0","22",2013,"Hesby Oaks                    ",NA,NA,NA
"917",917,3141,64733,121095,62," 50.0","50",2013,NA,NA,NA,NA
"918",918,3151,64733,114199,419," 48.7","51.3",2013,"John H. Liechty Middle        ",NA,NA,NA
"919",919,3161,64733,122390,176," 46.0","54",2013,NA,NA,NA,NA
"920",920,3171,64733,122408,178," 46.6","53.4",2013,NA,NA,NA,NA
"921",921,318,64733,126581,183," 51.4","48.6",2013,NA,NA,NA,NA
"922",922,319,64733,126599,101," 49.5","50.5",2013,NA,NA,NA,NA
"923",923,320,64733,126607,105," 71.4","28.6",2013,NA,NA,NA,NA
"924",924,3211,64733,1930619,1,"**",NA,2013,"McAlister (Harold) High       ",NA,NA,NA
"925",925,3221,64733,1931658,10,"**",NA,2013,"Lanterman (Frank D.)          ",NA,NA,NA
"926",926,3231,64733,1931716,56," 50.0","50",2013,"Valley Alternative Magnet     ",NA,NA,NA
"927",927,324,64733,1996073,2,"**",NA,2013,"Tri-C Community Day           ",NA,NA,NA
"928",928,325,64733,1996115,53," 41.5","58.5",2013,"City of Angels (Ind. Study)   ",NA,NA,NA
"929",929,326,64733,1996651,22," 36.4","63.6",2013,"CDS Secondary                 ",NA,NA,NA
"930",930,327,64733,6017818,52," 65.4","34.6",2013,"Laurel Elementary             ",NA,NA,NA
"931",931,328,64733,6018865,17," 47.1","52.9",2013,"Lull (Fred E.) Special Ed. Cen",NA,NA,NA
"932",932,329,64733,6057855,326," 48.2","51.8",2013,"Adams (John) Middle           ",2,2,0
"933",933,330,64733,6057871,315," 54.0","46",2013,"Bancroft (H.H.) Middle        ",3,4,1
"934",934,3311,64733,6057889,609," 44.2","55.8",2013,"Belvedere Middle              ",6,2,1
"935",935,3321,64733,6057897,427," 54.6","45.4",2013,"Burbank (Luther) Middle       ",4,5,0
"936",936,3331,64733,6057905,526," 47.1","52.9",2013,"Byrd (Richard E.) Middle      ",5,6,0
"937",937,3341,64733,6057913,298," 51.3","48.7",2013,"Carnegie (Andrew) Middle      ",6,7,0
"938",938,335,64733,6058077,229," 53.7","46.3",2013,"Irving (Washington) Middl     ",3,5,1
"939",939,336,64733,6058085,618," 58.6","41.4",2013,"King Middle                   ",2,5,0
"940",940,337,64733,6058093,476," 62.4","37.6",2013,"Lawrence (Ernest) Middle      ",4,3,1
"941",941,338,64733,6058101,288," 46.2","53.8",2013,"Maclay (Charles) Middle       ",4,6,1
"942",942,339,64733,6058119,159," 44.7","55.3",2013,"Mann (Horace) Junior High     ",2,1,1
"943",943,340,64733,6058127,220," 55.0","45",2013,"Marina del Rey Middle         ",1,4,0
"944",944,3411,64733,6058135,231," 54.5","45.5",2013,"Mark Twain Middle             ",2,4,0
"945",945,3421,64733,6058143,609," 43.3","56.7",2013,"Bethune Middle                ",8,7,1
"946",946,3431,64733,6058150,702," 66.4","33.6",2013,"Millikan Middle               ",1,3,0
"947",947,344,64733,6058168,342," 55.3","44.7",2013,"Mt. Gleason Middle            ",2,6,0
"948",948,345,64733,6058176,362," 46.1","53.9",2013,"Muir (John) Middle            ",5,1,1
"949",949,346,64733,6107064,227," 45.8","54.2",2013,"Pio Pico Elementary           ",NA,NA,NA
"950",950,347,64733,6118186,218," 48.2","51.8",2013,"Ellen Ochoa Learning Center   ",NA,NA,NA
"951",951,348,64733,101329,3,"**",NA,2013,"Cooper Community Day          ",NA,NA,NA
"952",952,349,64733,106971,501," 48.9","51.1",2013,"Vista Middle                  ",6,6,1
"953",953,350,64733,106989,389," 53.7","46.3",2013,"Southeast Middle              ",6,5,0
"954",954,3511,64733,109322,1,"**",NA,2013,"Pacific Boulevard             ",NA,NA,NA
"955",955,3521,64733,117044,408," 51.5","48.5",2013,NA,NA,NA,NA
"956",956,3531,64733,119685,92," 57.6","42.4",2013,NA,NA,NA,NA
"957",957,354,64733,119693,64," 50.0","50",2013,NA,NA,NA,NA
"958",958,355,64733,119701,172," 54.7","45.3",2013,NA,NA,NA,NA
"959",959,356,64733,119735,301," 45.5","54.5",2013,NA,NA,NA,NA
"960",960,357,64733,126458,202," 52.5","47.5",2013,NA,NA,NA,NA
"961",961,358,64733,126466,211," 54.5","45.5",2013,NA,NA,NA,NA
"962",962,359,64733,128355,25," 52.0","48",2013,NA,NA,NA,NA
"963",963,360,64733,1930064,6,"**",NA,2013,"Aggeler (William Tell) Op     ",NA,NA,NA
"964",964,3611,64733,1933233,222," 65.8","34.2",2013,"Sherman Oaks Ctr.             ",NA,NA,NA
"965",965,3621,64733,6016885,142," 54.2","45.8",2013,"Elizabeth Learn Ctr           ",NA,NA,NA
"966",966,3631,64733,6019475,122," 54.1","45.9",2013,"Thirty-Second St. Perf. Arts  ",NA,NA,NA
"967",967,3641,64733,6058341,345," 49.6","50.4",2013,"Virgil Middle                 ",4,2,1
"968",968,365,64733,6058358,178," 52.2","47.8",2013,"Webster (Daniel) Middle       ",3,4,1
"969",969,366,64733,6058366,567," 54.7","45.3",2013,"White (Stephen) Middle        ",2,7,1
"970",970,367,64733,6058374,479," 47.8","52.2",2013,"Wilmington Middle             ",1,7,1
"971",971,368,64733,6058382,183," 61.7","38.3",2013,"Wright (Orville) Middle       ",1,4,0
"972",972,369,64733,6060461,4,"**",NA,2013,"Lowman (Charles Leroy) Special",NA,NA,NA
"973",973,370,64733,6060495,10,"**",NA,2013,"Banneker (Benjamin) Special Ed",NA,NA,NA
"974",974,3711,64733,6060503,15," 46.7","53.3",2013,"Willenberg (Ernest P.) Special",NA,NA,NA
"975",975,3721,64733,6060511,8,"**",NA,2013,"McBride (James J.) Special Ed.",NA,NA,NA
"976",976,3731,64733,6060529,14," 71.4","28.6",2013,"Marlton                       ",NA,NA,NA
"977",977,3741,64733,6060545,8,"**",NA,2013,"Perez (Alphonso B.) Special Ed",NA,NA,NA
"978",978,375,64733,6060586,16," 68.8","31.2",2013,"Salvin (Sophia T.) Special Ed.",NA,NA,NA
"979",979,376,64733,6061394,239," 49.4","50.6",2013,"Audubon Middle                ",2,1,1
"980",980,377,64733,6061402,360," 49.7","50.3",2013,"Berendo Middle                ",6,2,1
"981",981,378,64733,6061410,624," 57.4","42.6",2013,"Burroughs (John) Middle       ",1,1,0
"982",982,379,64733,6061436,607," 59.8","40.2",2013,"Dodson (R.S.) Middle          ",1,7,1
"983",983,380,64733,6061444,606," 47.2","52.8",2013,"Edison (Thomas A.) Middle     ",3,7,1
"984",984,3811,64733,6061451,332," 54.5","45.5",2013,"Foshay Lrng. Ctr              ",NA,NA,NA
"985",985,3821,64733,6061469,663," 48.1","51.9",2013,"Gage (Henry T.) Middle        ",7,5,1
"986",986,3831,64733,6061477,603," 77.6","22.4",2013,"Hale (George Ellery) Midd     ",1,3,0
"987",987,3841,64733,6061485,327," 50.8","49.2",2013,"Henry (Patrick) Middle        ",2,3,0
"988",988,385,64733,6061501,347," 50.7","49.3",2013,"Le Conte (Joseph) Middle      ",4,4,1
"989",989,386,64733,6061519,528," 42.8","57.2",2013,"Madison (James) Middle        ",6,3,1
"990",990,387,64733,6061527,403," 51.1","48.9",2013,"Markham (Edwin) Middle        ",2,7,0
"991",991,388,64733,6061535,292," 44.5","55.5",2013,"Johnnie Cochran, Jr., Middle  ",5,1,1
